-- MySQL Administrator dump 1.4
--
-- ------------------------------------------------------
-- Server version	5.1.66-cll


/*!40101 SET @OLD_CHARACTER_SET_CLIENT=@@CHARACTER_SET_CLIENT */;
/*!40101 SET @OLD_CHARACTER_SET_RESULTS=@@CHARACTER_SET_RESULTS */;
/*!40101 SET @OLD_COLLATION_CONNECTION=@@COLLATION_CONNECTION */;
/*!40101 SET NAMES utf8 */;

/*!40014 SET @OLD_UNIQUE_CHECKS=@@UNIQUE_CHECKS, UNIQUE_CHECKS=0 */;
/*!40014 SET @OLD_FOREIGN_KEY_CHECKS=@@FOREIGN_KEY_CHECKS, FOREIGN_KEY_CHECKS=0 */;
/*!40101 SET @OLD_SQL_MODE=@@SQL_MODE, SQL_MODE='NO_AUTO_VALUE_ON_ZERO' */;


--
-- Create schema response_relief
--

CREATE DATABASE IF NOT EXISTS response_relief;
USE response_relief;

--
-- Definition of table `events`
--

DROP TABLE IF EXISTS `events`;
CREATE TABLE `events` (
  `event_id` int(11) NOT NULL AUTO_INCREMENT,
  `title` varchar(128) NOT NULL,
  `location` varchar(128) NOT NULL,
  `description` text NOT NULL,
  `start_date` int(11) NOT NULL,
  `end_date` int(11) NOT NULL,
  `departure` varchar(128) NOT NULL,
  `what_to_bring` text NOT NULL,
  `where_to_stay` varchar(128) NOT NULL,
  `age_requirements` text NOT NULL,
  `health_requirements` text NOT NULL,
  PRIMARY KEY (`event_id`)
) ENGINE=MyISAM AUTO_INCREMENT=8 DEFAULT CHARSET=latin1;

--
-- Dumping data for table `events`
--

/*!40000 ALTER TABLE `events` DISABLE KEYS */;
INSERT INTO `events` (`event_id`,`title`,`location`,`description`,`start_date`,`end_date`,`departure`,`what_to_bring`,`where_to_stay`,`age_requirements`,`health_requirements`) VALUES 
 (2,'Wildfires in Bastrop TX','Bastrop TX','As of 9/15, Approx. 1600 homes have been destroyed by these fires. \r\nWe have the opportunity to serve these wonderful people by helping to sift through the ashes to find items tied to memory, jewelry, china, etc. \r\nThis is the first response where we\\\'ve been able to allow volunteers to volunteer as their schedules allow. If you can give one day or twenty- you are welcome and appreciated.',1315803600,1318395600,'Your Home','Thick soled shoes, jeans or pants suggested, air mattress/bedding, towels, personal hygiene, sunblock, insect repellent, modest clothing, cordless drills, tetanus shot strongly advised','Local Austin Church','Minimum age 13- with a parent up to 16. ','We will be sifting ash- with masks that will make you very hot- so if you overheat easily or have a lung condition or trouble breathing- this is not the trip for you.'),
 (3,'Joplin Tornado Clean-up','Joplin, MO','We will be assisting with cleanup',1307941200,1308373200,'Mustang Creek Community Church','Personal toiletries, change of clothes','Madison, KS','Minimum 18 years of age','No health problems'),
 (5,'Forney Tornado Relief','Forney, Texas','9AM Saturday April 14 for clean up and canvassing. ',1333429200,1334379600,'Mustang Creek Community Church ',' ','Mustang Creek Community Church ','  ',' '),
 (6,'Lancaster Tornado Relief','643 West Wintergreen','We have moved the site closer to the affected homes. Please join us beginning at 8:30AM each day.\r\n\r\nPlease call 972.293.5590 for more information. ',1333602000,1334034000,' ',' ',' ',' Under 14 on campus with parent only; 14-17 in the field with a parent or legal guardian.',' '),
 (7,'Royce City Tornado Response','Home Base: 13851 FM 548 Forney TX 75126','We will be assisting in the Royce City area with clean up and searching for personal effects. Volunteer intake will begin at 9AM each day with the first orientation and these orientations will continue throughout the day. Please contact us for any additional information you may require.',1334034000,1334379600,' ',' ',' ','Under 14 will not be allowed in the field only at home base and distribution with a guardian. 14-17 with a parent or guardian. ',' ');
/*!40000 ALTER TABLE `events` ENABLE KEYS */;


--
-- Definition of table `galleries`
--

DROP TABLE IF EXISTS `galleries`;
CREATE TABLE `galleries` (
  `gallery_id` int(11) NOT NULL AUTO_INCREMENT,
  `event_id` int(11) NOT NULL,
  `name` varchar(60) NOT NULL,
  `directory` varchar(100) NOT NULL,
  PRIMARY KEY (`gallery_id`)
) ENGINE=MyISAM AUTO_INCREMENT=4 DEFAULT CHARSET=latin1 ROW_FORMAT=DYNAMIC;

--
-- Dumping data for table `galleries`
--

/*!40000 ALTER TABLE `galleries` DISABLE KEYS */;
INSERT INTO `galleries` (`gallery_id`,`event_id`,`name`,`directory`) VALUES 
 (1,2,'Wildfires in Bastrop','Bastrop County, TX Fire Relief Sep 2011'),
 (2,3,'Joplin Tornado Relief','Joplin Disaster Relief May 30 - June 4, 2011'),
 (3,5,'Forney Tornado Relief','Forney Tornado Disaster Relief - Apr, 2012');
/*!40000 ALTER TABLE `galleries` ENABLE KEYS */;


--
-- Definition of table `registrations`
--

DROP TABLE IF EXISTS `registrations`;
CREATE TABLE `registrations` (
  `registration_id` int(11) NOT NULL AUTO_INCREMENT,
  `event_id` int(11) NOT NULL,
  `volunteer_id` int(11) NOT NULL,
  `start_date` int(11) NOT NULL,
  `end_date` int(11) NOT NULL,
  `date_of_reg` int(11) NOT NULL,
  PRIMARY KEY (`registration_id`)
) ENGINE=MyISAM AUTO_INCREMENT=323 DEFAULT CHARSET=latin1;

--
-- Dumping data for table `registrations`
--

/*!40000 ALTER TABLE `registrations` DISABLE KEYS */;
INSERT INTO `registrations` (`registration_id`,`event_id`,`volunteer_id`,`start_date`,`end_date`,`date_of_reg`) VALUES 
 (28,2,25,1315803600,1318568400,1318436728),
 (27,2,21,1318050000,1318568400,1318000942),
 (26,2,19,1317790800,1318050000,1317826481),
 (25,2,18,1317704400,1317877200,1317471424),
 (24,2,17,1317704400,1317877200,1317471311),
 (23,2,16,1317704400,1317877200,1317471153),
 (22,2,15,1317099600,1317963600,1317151228),
 (21,2,14,1317186000,1317963600,1317136888),
 (20,2,12,1315803600,1317963600,1317033869),
 (19,2,8,1317358800,1317618000,1316816407),
 (18,2,8,1317013200,1317358800,1316718962),
 (29,5,44,1333515600,1334034000,1333552076),
 (30,5,45,1333515600,1334034000,1333553109),
 (31,5,46,1333515600,1334034000,1333553270),
 (32,5,47,1333688400,1333688400,1333553292),
 (33,5,48,1333515600,1334034000,1333553476),
 (34,5,49,1333688400,1333688400,1333553491),
 (35,5,50,1333515600,1334034000,1333553679),
 (36,5,51,1333429200,1334034000,1333553683),
 (37,5,52,1333515600,1334034000,1333553873),
 (38,5,53,1333602000,1334034000,1333553911),
 (39,5,54,1333602000,1334034000,1333554008),
 (40,5,55,1333602000,1334034000,1333554103),
 (41,5,56,1333429200,1334034000,1333554133),
 (42,5,57,1333515600,1334034000,1333554275),
 (43,5,58,1333515600,1333602000,1333554381),
 (44,5,59,1333774800,1333947600,1333554618),
 (45,5,60,1333515600,1334034000,1333554746),
 (46,5,61,1333688400,1334034000,1333555297),
 (47,5,62,1333515600,1334034000,1333555372),
 (48,5,63,1333774800,1333861200,1333555514),
 (49,5,45,1333429200,1334034000,1333555916),
 (50,5,64,1333688400,1333688400,1333556184),
 (51,5,65,1333429200,1334034000,1333556393),
 (52,5,66,1333429200,1334034000,1333556789),
 (53,5,67,1333688400,1333688400,1333556822),
 (54,5,68,1333429200,1334034000,1333556921),
 (55,5,69,1333429200,1334034000,1333557022),
 (56,5,70,1333429200,1334034000,1333557107),
 (57,5,61,1333429200,1334034000,1333557259),
 (58,5,71,1333429200,1334034000,1333557572),
 (59,5,72,1333861200,1333861200,1333557641),
 (60,5,73,1333429200,1334034000,1333557814),
 (61,5,74,1333688400,1333947600,1333558391),
 (62,5,75,1333861200,1333861200,1333558525),
 (63,5,76,1333602000,1334034000,1333558836),
 (64,5,77,1333688400,1333861200,1333559016),
 (65,5,78,1333688400,1333688400,1333559372),
 (66,5,79,1333688400,1333688400,1333559534),
 (67,5,80,1333429200,1334034000,1333559703),
 (68,5,81,1333774800,1333774800,1333559734),
 (69,5,82,1333774800,1333774800,1333559905),
 (70,5,83,1333429200,1334034000,1333559913),
 (71,5,84,1333774800,1333774800,1333559981),
 (72,5,85,1333861200,1333861200,1333560626),
 (73,5,86,1333688400,1333688400,1333560700),
 (74,5,87,1333429200,1334034000,1333561732),
 (75,5,88,1333688400,1333861200,1333562651),
 (76,5,89,1334034000,1334034000,1333563328),
 (77,5,90,1333688400,1334034000,1333563704),
 (78,5,91,1333515600,1333947600,1333564014),
 (79,5,92,1333774800,1333861200,1333564510),
 (80,5,93,1333688400,1333861200,1333565850),
 (81,5,94,1333602000,1333947600,1333566965),
 (82,5,95,1333774800,1333861200,1333567175),
 (83,5,95,1333774800,1333861200,1333567279),
 (84,5,96,1333688400,1333688400,1333569137),
 (85,5,97,1333602000,1333602000,1333569653),
 (86,5,98,1333429200,1334034000,1333571107),
 (87,5,99,1333429200,1334034000,1333571406),
 (88,5,100,1333774800,1333774800,1333572260),
 (89,5,101,1333688400,1333861200,1333572572),
 (90,5,102,1333774800,1333861200,1333573207),
 (91,5,103,1333861200,1333861200,1333573283),
 (92,5,104,1333688400,1333861200,1333575344),
 (93,5,105,1333688400,1333688400,1333575933),
 (94,5,106,1333688400,1333774800,1333576286),
 (95,5,107,1333774800,1333861200,1333577493),
 (96,5,108,1333774800,1333861200,1333577682),
 (97,5,109,1333774800,1333861200,1333577757),
 (98,5,110,1333774800,1333861200,1333577880),
 (99,5,111,1333947600,1334034000,1333580033),
 (100,5,112,1333774800,1333861200,1333580088),
 (101,5,113,1333774800,1333947600,1333580179),
 (102,5,115,1333429200,1334034000,1333585197),
 (103,5,116,1333429200,1334034000,1333586281),
 (104,5,117,1333688400,1333774800,1333586484),
 (105,5,118,1333429200,1334034000,1333586562),
 (106,5,119,1333429200,1334034000,1333586636),
 (107,5,120,1333602000,1333861200,1333587136),
 (108,5,121,1333602000,1333688400,1333587163),
 (109,5,122,1333688400,1333774800,1333587653),
 (110,5,123,1333602000,1333861200,1333588415),
 (111,5,124,1333688400,1333861200,1333588484),
 (112,5,125,1333429200,1334034000,1333589727),
 (113,5,126,1333515600,1333861200,1333590138),
 (114,5,127,1333515600,1334034000,1333590202),
 (115,5,128,1333602000,1334034000,1333590240),
 (116,5,129,1333602000,1334034000,1333590424),
 (117,5,130,1333429200,1334034000,1333590947),
 (118,5,131,1333602000,1333602000,1333591159),
 (119,5,132,1333774800,1333861200,1333591190),
 (120,5,133,1333602000,1334034000,1333591254),
 (121,5,134,1333688400,1333688400,1333591525),
 (122,5,135,1333602000,1333602000,1333591890),
 (123,5,136,1333774800,1334034000,1333592000),
 (124,5,137,1333602000,1333688400,1333592177),
 (125,5,138,1333774800,1333774800,1333592793),
 (126,5,139,1333429200,1334034000,1333592815),
 (127,5,140,1333688400,1333688400,1333592889),
 (128,5,141,1333602000,1333774800,1333592997),
 (129,5,142,1333774800,1333774800,1333593016),
 (130,5,143,1333429200,1334034000,1333593032),
 (131,5,144,1333602000,1334034000,1333593098),
 (132,5,145,1333429200,1334034000,1333593304),
 (133,5,146,1333602000,1333602000,1333593437),
 (134,5,147,1333429200,1333688400,1333593503),
 (135,5,148,1333688400,1333774800,1333593686),
 (136,5,149,1333688400,1333774800,1333593828),
 (137,5,150,1333688400,1333861200,1333593834),
 (138,5,152,1333688400,1333774800,1333593949),
 (139,5,153,1333602000,1333602000,1333594027),
 (140,5,154,1333602000,1333688400,1333594158),
 (141,5,155,1333515600,1334034000,1333594267),
 (142,5,156,1333688400,1334034000,1333594291),
 (143,5,157,1333602000,1333688400,1333594479),
 (144,5,158,1333602000,1333688400,1333594922),
 (145,5,159,1333602000,1334034000,1333594991),
 (146,5,160,1333602000,1334034000,1333595343),
 (147,5,161,1333688400,1333688400,1333595591),
 (148,5,162,1333688400,1333688400,1333595614),
 (149,5,163,1333774800,1333774800,1333595778),
 (150,5,164,1333774800,1333861200,1333595889),
 (151,5,165,1333774800,1333774800,1333595909),
 (152,5,166,1333774800,1333947600,1333596207),
 (153,5,167,1333429200,1334034000,1333596354),
 (154,5,168,1333774800,1333947600,1333596378),
 (155,5,169,1333688400,1334034000,1333596456),
 (156,5,170,1333602000,1333688400,1333596539),
 (157,5,171,1333774800,1333861200,1333596603),
 (158,5,172,1333602000,1334034000,1333596677),
 (159,5,173,1333429200,1334034000,1333596733),
 (160,5,174,1333861200,1333861200,1333596761),
 (161,5,175,1333602000,1333774800,1333596804),
 (162,5,176,1333602000,1334034000,1333596970),
 (163,5,177,1333429200,1334034000,1333596999),
 (164,5,178,1333602000,1333602000,1333597021),
 (165,5,179,1333429200,1334034000,1333597125),
 (166,5,180,1333429200,1333688400,1333597154),
 (167,5,181,1333688400,1333688400,1333597478),
 (168,5,182,1333429200,1334034000,1333597486),
 (169,5,183,1333602000,1333861200,1333597515),
 (170,5,184,1333688400,1334034000,1333597646),
 (171,5,185,1333515600,1333861200,1333597671),
 (172,5,186,1333688400,1333688400,1333598201),
 (173,5,187,1333774800,1333774800,1333598301),
 (174,5,188,1333602000,1333602000,1333598311),
 (175,5,189,1333602000,1333861200,1333599083),
 (176,5,190,1333688400,1333774800,1333600681),
 (177,5,191,1333602000,1333861200,1333603598),
 (178,5,192,1333602000,1333861200,1333603773),
 (179,5,193,1333688400,1333774800,1333603860),
 (180,5,194,1333429200,1333688400,1333604305),
 (181,5,195,1333602000,1333688400,1333627813),
 (182,5,196,1333774800,1333861200,1333628637),
 (183,5,197,1333429200,1333688400,1333630301),
 (184,5,198,1333774800,1333774800,1333630338),
 (185,5,199,1333688400,1333688400,1333630488),
 (186,5,200,1333688400,1333688400,1333630738),
 (187,5,201,1333602000,1334034000,1333631044),
 (188,5,202,1333774800,1333861200,1333632039),
 (189,5,203,1333774800,1333774800,1333632111),
 (190,5,13,1333602000,1333774800,1333632590),
 (191,5,204,1333688400,1333774800,1333633340),
 (192,5,205,1333429200,1334034000,1333633365),
 (193,5,206,1333429200,1334034000,1333633595),
 (194,5,115,1333602000,1334034000,1333634599),
 (195,5,207,1333688400,1334034000,1333634814),
 (196,5,208,1333688400,1333688400,1333634915),
 (197,5,209,1333688400,1333688400,1333635505),
 (198,5,210,1333688400,1333688400,1333635981),
 (199,5,211,1333429200,1334034000,1333636104),
 (200,5,212,1333429200,1334034000,1333636284),
 (201,5,213,1333429200,1334034000,1333636459),
 (202,5,214,1333688400,1333688400,1333636569),
 (203,5,215,1333515600,1333688400,1333638874),
 (204,5,216,1333429200,1334034000,1333639151),
 (205,5,217,1333774800,1333774800,1333640845),
 (206,5,218,1333688400,1333688400,1333641411),
 (207,5,219,1333774800,1333861200,1333641467),
 (208,5,220,1333429200,1334034000,1333641874),
 (209,5,221,1333688400,1333774800,1333643225),
 (210,5,222,1333602000,1334034000,1333643255),
 (211,5,223,1333774800,1333774800,1333644159),
 (212,5,224,1333774800,1333774800,1333644480),
 (213,5,225,1333774800,1333774800,1333644666),
 (214,5,226,1333774800,1333774800,1333646550),
 (215,5,227,1333688400,1333688400,1333647489),
 (216,5,228,1333688400,1333688400,1333647680),
 (217,5,229,1333429200,1333774800,1333650196),
 (218,5,230,1333774800,1334034000,1333650729),
 (219,5,231,1333688400,1333688400,1333651179),
 (220,5,232,1333774800,1333861200,1333652100),
 (221,5,233,1333947600,1334034000,1333653330),
 (222,5,232,1333774800,1333861200,1333654793),
 (223,5,234,1333688400,1333688400,1333654853),
 (224,6,235,1333688400,1333688400,1333657498),
 (225,6,181,1333688400,1333688400,1333659444),
 (226,6,236,1333688400,1333774800,1333659642),
 (227,6,237,1333688400,1333774800,1333659754),
 (228,6,238,1333774800,1333774800,1333663200),
 (229,6,239,1333774800,1333774800,1333666184),
 (230,6,240,1333688400,1333688400,1333667479),
 (231,6,241,1333602000,1333774800,1333667562),
 (232,6,242,1333602000,1333774800,1333668918),
 (233,6,13,1333774800,1333774800,1333669596),
 (234,6,243,1333774800,1333774800,1333673461),
 (235,6,244,1333602000,1333774800,1333675711),
 (236,6,245,1333688400,1333774800,1333677521),
 (237,6,246,1333602000,1333688400,1333681951),
 (238,6,247,1333602000,1333688400,1333682503),
 (239,6,248,1333602000,1333774800,1333682841),
 (240,6,249,1333688400,1333688400,1333683506),
 (241,6,250,1333688400,1333688400,1333684256),
 (242,6,251,1333688400,1333774800,1333684520),
 (243,6,252,1333602000,1333688400,1333684731),
 (244,6,253,1333602000,1333688400,1333685001),
 (245,6,221,1333602000,1333774800,1333685130),
 (246,6,254,1333602000,1333688400,1333685143),
 (247,6,255,1333688400,1333774800,1333685885),
 (248,6,256,1333602000,1333774800,1333687383),
 (249,6,257,1333602000,1333774800,1333688395),
 (250,6,258,1333602000,1333774800,1333713753),
 (251,6,259,1333602000,1333774800,1333715491),
 (252,6,260,1333774800,1333774800,1333719428),
 (253,6,261,1333602000,1333774800,1333719591),
 (254,6,262,1333774800,1333774800,1333719635),
 (255,6,263,1333602000,1333774800,1333719970),
 (256,6,264,1333602000,1333774800,1333720156),
 (257,6,265,1333602000,1333774800,1333721605),
 (258,6,267,1333602000,1333774800,1333726045),
 (259,6,268,1333688400,1333774800,1333726479),
 (260,6,269,1333774800,1333774800,1333726954),
 (261,6,270,1333602000,1333774800,1333727041),
 (262,6,271,1333602000,1333774800,1333727288),
 (263,6,272,1333602000,1333774800,1333727693),
 (264,6,273,1333602000,1333774800,1333729743),
 (265,6,274,1333688400,1333774800,1333730185),
 (266,6,275,1333688400,1333774800,1333730354),
 (267,6,276,1333602000,1333688400,1333730775),
 (268,6,277,1333602000,1333774800,1333732919),
 (269,6,278,1333602000,1341550800,1333733551),
 (270,6,279,1333774800,1333774800,1333735725),
 (271,6,280,1333774800,1333774800,1333738987),
 (272,6,281,1333602000,1333774800,1333739532),
 (273,6,282,1333774800,1333774800,1333739901),
 (274,6,283,1333602000,1333774800,1333741561),
 (275,6,284,1333774800,1333774800,1333742940),
 (276,6,285,1333602000,1333774800,1333743605),
 (277,6,286,1333602000,1333774800,1333746930),
 (278,6,287,1333602000,1333774800,1333747380),
 (279,6,288,1333774800,1333774800,1333756409),
 (280,6,289,1333774800,1333774800,1333759354),
 (281,6,290,1333602000,1333774800,1333763161),
 (282,6,291,1333774800,1333774800,1333763665),
 (283,6,292,1333774800,1333774800,1333765774),
 (284,6,294,1333774800,1333774800,1333769113),
 (285,6,295,1333602000,1333774800,1333769252),
 (286,6,297,1333602000,1333774800,1333771535),
 (287,6,298,1333774800,1333774800,1333772698),
 (288,6,304,1333947600,1333947600,1333936330),
 (289,6,305,1333602000,1334293200,1333943342),
 (290,6,307,1333602000,1334293200,1333989172),
 (291,6,308,1333947600,1333947600,1333992517),
 (292,6,310,1333602000,1334293200,1333996998),
 (293,6,312,1333602000,1334293200,1334002102),
 (294,7,313,1334034000,1334034000,1334032947),
 (295,7,314,1334379600,1334379600,1334065147),
 (296,7,315,1334120400,1334206800,1334065367),
 (297,7,319,1334034000,1334379600,1334071541),
 (298,7,320,1334379600,1334379600,1334075897),
 (299,7,323,1334034000,1334379600,1334097876),
 (300,7,324,1334379600,1334379600,1334098573),
 (301,7,325,1334034000,1334379600,1334099696),
 (302,7,326,1334293200,1334379600,1334106717),
 (303,7,327,1334379600,1334379600,1334107266),
 (304,7,328,1334120400,1334120400,1334112831),
 (305,7,329,1334034000,1334379600,1334114251),
 (306,7,330,1334206800,1334379600,1334115147),
 (307,7,331,1334034000,1334379600,1334136406),
 (308,7,333,1334206800,1334206800,1334155161),
 (309,7,334,1334379600,1334379600,1334155456),
 (310,7,336,1334379600,1334379600,1334180339),
 (311,7,338,1334034000,1334379600,1334182598),
 (312,7,347,1334034000,1334379600,1334250491),
 (313,7,348,1334034000,1334379600,1334250577),
 (314,7,350,1334293200,1334293200,1334253432),
 (315,7,351,1334379600,1334379600,1334255867),
 (316,7,353,1334293200,1334293200,1334258754),
 (317,7,354,1334034000,1334379600,1334278410),
 (318,7,355,1334034000,1334379600,1334343496),
 (319,7,356,1334379600,1334379600,1334351966),
 (320,5,359,1333429200,1334379600,1334552400),
 (321,5,362,1333429200,1334379600,1334552400),
 (322,5,363,1333429200,1334379600,1334552400);
/*!40000 ALTER TABLE `registrations` ENABLE KEYS */;


--
-- Definition of table `resources`
--

DROP TABLE IF EXISTS `resources`;
CREATE TABLE `resources` (
  `resource_id` int(11) NOT NULL AUTO_INCREMENT,
  `name` varchar(60) NOT NULL,
  `address1` varchar(50) NOT NULL,
  `address2` varchar(50) NOT NULL,
  `city` varchar(20) NOT NULL,
  `state` varchar(2) NOT NULL,
  `zip` varchar(10) NOT NULL,
  `home_phone` varchar(10) NOT NULL,
  `work_phone` varchar(10) NOT NULL,
  `cell_phone` varchar(10) NOT NULL,
  `email` varchar(50) NOT NULL,
  `loan_start` date NOT NULL,
  `loan_end` date NOT NULL,
  `loan_indef` tinyint(4) NOT NULL,
  `donate` tinyint(4) NOT NULL,
  `description` text NOT NULL,
  PRIMARY KEY (`resource_id`)
) ENGINE=MyISAM AUTO_INCREMENT=18 DEFAULT CHARSET=latin1;

--
-- Dumping data for table `resources`
--

/*!40000 ALTER TABLE `resources` DISABLE KEYS */;
INSERT INTO `resources` (`resource_id`,`name`,`address1`,`address2`,`city`,`state`,`zip`,`home_phone`,`work_phone`,`cell_phone`,`email`,`loan_start`,`loan_end`,`loan_indef`,`donate`,`description`) VALUES 
 (1,'Tommy Tutone','123 Main St.','','Anytown','TX','123456','','','9725551212','robgrie@gmail.com','2011-09-26','2011-09-30',0,0,'I have an 11 passenger van available whenever you need it.'),
 (2,'Tommy Tutone','123 Main St.','','Anytown','TX','123456','','','9725551212','robgrie@gmail.com','0000-00-00','0000-00-00',1,0,'I have an 11 passenger van available whenever you need it.'),
 (3,'Tommy Tutone','123 Main St.','','Anytown','TX','123456','','','9725551212','robgrie@gmail.com','0000-00-00','0000-00-00',1,0,'I have an 11 passenger van available whenever you need it.'),
 (4,'Tommy Tutone','123 Main St.','','Anytown','TX','123456','','','9725551212','robgrie@gmail.com','0000-00-00','0000-00-00',1,0,'I have an 11 passenger van available whenever you need it.'),
 (5,'Tommy Tutone','123 Main St.','','Anytown','TX','123456','','','9725551212','robgrie@gmail.com','0000-00-00','0000-00-00',1,0,'I have an 11 passenger van available whenever you need it.'),
 (6,'Tommy Tutone','123 Main St.','','Anytown','TX','123456','','','9725551212','robgrie@gmail.com','0000-00-00','0000-00-00',1,0,'I have an 11 passenger van available whenever you need it.'),
 (7,'Rob Grieshaber','123 Main St','','Richardson','TX','75080','','','9725551212','robgrie@gmail.com','2011-10-01','2011-10-31',0,0,'I have an 11 passenger van that will be available for use in October'),
 (8,'Rob Grieshaber','123 Main St','','Richardson','TX','75080','','','9725713680','robgrie@gmail.com','0000-00-00','0000-00-00',1,0,'I have an 80 passenger bus available for use'),
 (9,'Royse City Lions Club','PO Box 816','','Royse City','TX','75189','2142871656','2142871656','2142871656','andrealchandler@yahoo.com','0000-00-00','0000-00-00',1,0,'We are assisting in collection of items and distribution of items to the Royse City families. We have available resources to purchase some needs for the Royse City families.'),
 (10,'Frances Pittman','917 Madrid St.','','Hurst','TX','76053','8175899182','','','ratpack8@swbell.net','0000-00-00','0000-00-00',0,1,'$20.00'),
 (11,'Danny Johnson','9871 fm 2757','','Forney','TX','75126','','','2144048179',' Dannyj342003@yahoo.com','0000-00-00','0000-00-00',1,0,'I have a 14\\\' trailer with sides and a truck. If anyone needs help hauling off debris, I am available whenever needed. Just call and I can come help to haul stuff away.'),
 (12,'Amanda Mazey','7408 Trinity Ranch Rd','','Benbrook','TX','76126','','','8174227928','amandamazey@gmail.com','0000-00-00','0000-00-00',1,0,'I was going to have a yard sale this weekend but in light of yesterday\\\'s tornadoes, I would rather donate my goods (mainly women\\\'s, toddlers clothing and some household items) to the victims of the tornadoes who need help. Please contact me as soon as you can so I can get these items to you. '),
 (13,'Jamie Brooks','137 Southern Hills Ridge','','WEtumpka','AL','36093','','','3343060999','jamoblynn@yahoo.com','2012-04-05','2012-04-05',1,0,'Vaughn Forest '),
 (14,'Natalie Atkins','708 Trinity Circle','APT 3008','Arlington','TX','76006','3176828834','8172018433','','natk@acehardware.com','0000-00-00','0000-00-00',0,1,'27inch Regular Television, Home Computer w/ setup disks, School Supplies, Metro PCS phone (good condition), Mens Shorts (40-42), Women summer clothes (L-XL,12-14)'),
 (15,'Cory Kilpatrick','1514 Greywood','','Mesquite','TX','75149','','','2142401724','sgec85@gmail.com','2012-04-09','2012-04-17',0,1,'Canned foods, clothing, books'),
 (16,'Dan Rekieta','..','','Forney','TX','75126','','','9725711407','none','2012-04-12','2013-04-12',1,0,'Two door, top freezer refridgerator'),
 (17,'Mark Chapman','2247 rr 1431','','Kingsland','TX','78639','3253883975','3253885760','8307984259','mark@chapmandocks.com','0000-00-00','0000-00-00',1,0,'Use of 963 bobcat and all attachments including grapple bucket and 20\\\' tandem dump trailer and I can ussually be available to operate it.');
/*!40000 ALTER TABLE `resources` ENABLE KEYS */;


--
-- Definition of table `staff`
--

DROP TABLE IF EXISTS `staff`;
CREATE TABLE `staff` (
  `staff_id` int(4) NOT NULL AUTO_INCREMENT,
  `username` varchar(15) NOT NULL,
  `password` varchar(20) NOT NULL,
  `first_name` varchar(30) NOT NULL,
  `last_name` varchar(30) NOT NULL,
  `email` varchar(50) NOT NULL,
  `reset_password` tinyint(4) NOT NULL,
  PRIMARY KEY (`staff_id`)
) ENGINE=MyISAM AUTO_INCREMENT=4 DEFAULT CHARSET=latin1;

--
-- Dumping data for table `staff`
--

/*!40000 ALTER TABLE `staff` DISABLE KEYS */;
INSERT INTO `staff` (`staff_id`,`username`,`password`,`first_name`,`last_name`,`email`,`reset_password`) VALUES 
 (1,'admin','a','Staff','Admin','admin@response-relief.net',0),
 (2,'rob','r','Rob','Grieshaber','robg@mustangcreek.org',0),
 (3,'mikem','mekim','Mike','Mizell','rev@bethelcleburne.org',0);
/*!40000 ALTER TABLE `staff` ENABLE KEYS */;


--
-- Definition of table `volunteers`
--

DROP TABLE IF EXISTS `volunteers`;
CREATE TABLE `volunteers` (
  `volunteer_id` int(11) NOT NULL AUTO_INCREMENT,
  `first_name` varchar(30) NOT NULL,
  `last_name` varchar(30) NOT NULL,
  `address1` varchar(50) NOT NULL,
  `address2` varchar(50) NOT NULL,
  `city` varchar(20) NOT NULL,
  `state` varchar(2) NOT NULL,
  `zip` varchar(10) NOT NULL,
  `home_phone` varchar(10) NOT NULL,
  `work_phone` varchar(10) NOT NULL,
  `cell_phone` varchar(10) NOT NULL,
  `email` varchar(50) NOT NULL,
  `dobDay` tinyint(6) NOT NULL,
  `dobMonth` tinyint(4) NOT NULL,
  `dobYear` smallint(6) NOT NULL,
  `home_church` varchar(128) NOT NULL,
  `skills_certs` text NOT NULL,
  `mailing_list` tinyint(4) NOT NULL,
  `agree_coc` tinyint(4) NOT NULL,
  PRIMARY KEY (`volunteer_id`)
) ENGINE=MyISAM AUTO_INCREMENT=821 DEFAULT CHARSET=latin1;

--
-- Dumping data for table `volunteers`
--

/*!40000 ALTER TABLE `volunteers` DISABLE KEYS */;
INSERT INTO `volunteers` (`volunteer_id`,`first_name`,`last_name`,`address1`,`address2`,`city`,`state`,`zip`,`home_phone`,`work_phone`,`cell_phone`,`email`,`dobDay`,`dobMonth`,`dobYear`,`home_church`,`skills_certs`,`mailing_list`,`agree_coc`) VALUES 
 (8,'Rob','Grieshaber','123 Main St','','Richardson','TX','75080','','','9725551212','robgrie@gmail.com',11,1,1958,'Mustang Creek Community Church','',1,1),
 (10,'Jasmine','Isara','3901 Whiterock Trail','','Garland','TX','75043','9723031564','','','jasmine.isara@gmail.com',17,3,1951,'Northplace Church Sachse, Texas','',1,1),
 (9,'Tommy','Tutone','123 Main St','','Anytown','AA','123456','','','9725551212','robgrie@gmail.com',11,1,2008,'Mustang Creek Community Church','Can read and write, am I too young?',1,1),
 (11,'Steven','Wiederwax','17810 FM 2613','','Kemp','TX','75143','','','9727546798','swensafe@yahoo.com',30,9,1950,'First Assembly of God Canton','',1,1),
 (12,'Smokey','The Bear','1200 redwood ln','','Woodland','CA','94532','8002200','','','Preventingforestfires@forests.com',5,5,1930,'','Has trained several generations in preventing forest fires.',0,1),
 (13,'MaryLou','Pettis','231 Tickey Dr','','Princeton','TX','75407','9728327446','','9728327446','Maryloupettis@yahoo.com',25,12,1977,'NorthPlace Church Sachse','Certified minister',1,1),
 (14,'Darrell','Anderson','12910 northpointe bend dr.','','Tomball','TX','77377','','','2816350675','darrell@andersonrestore.com',16,9,1962,'Salem Lutheran in Tomball,tx','Full service disaster recovery general contractor with water IICRC certification & fire mitigation restoration training & equipment. Custom home building.',1,1),
 (15,'Cody','Herring','18806 Meadow Lark Ln.','','Tomball','TX','77377','','','7132994116','codyherring@att.net',23,7,74,'Salem Lutheran','General contracting, Remodeling, Custom Building',1,1),
 (16,'Patricia','Hefti','3815 Mumford Rd','','Bryan','TX','77807','9797790908','','','crownofmercyps103@verizon.net',14,12,1960,'SOS Ministries, Bryan, TX','I do not have any certifications at this time.  As for skills, I can do just about any kind of work except lifting heavy things or digging (very hard physical labor). I am willing to do whatever I can to help.',1,1),
 (17,'Candace','Hefti','3815 Mumford Rd','','Bryan','TX','77807','9797790908','','','crownofmercyps103@verizon.net',27,12,1993,'SOS Ministries','I am certified in CPR and First Aid.  I have worked the past 3 summers at Frontier Camp in Grapeland, TX in the barn with the horses.  I am willing to help in any way I can.',1,1),
 (18,'Rebekah','Hefti','3815 Mumford Rd','','Bryan','TX','77807','9797790908','','','crownofmercyps103@verizon.net',12,4,1992,'SOS Ministries, Bryan, TX','I have no certifications at this time, but I am healthy and willing to help in any way I can.',1,1),
 (19,'Scott','Robinson','1142 Misty Meadow','','Forney','TX','75126','','','2145341974','scottr_4@yahoo.com',8,11,55,'Mustang Creek Community Church','',1,1),
 (20,'Grace','Brown','1907 W 37th st','','Austin','TX','78731','','','3059895549','grace82012000@yahoo.com',6,8,1944,'Glad Tidings Austin','I am a certified nurses aid working in private duty hospic care. I have been trained in disaster relief by the Am Red Cross in Key West, Fl, lost my home and most of my town, Bay St Louis, Miss. during Katrina. Went to work as a counselor for FEMA after four hurricans devastated the Florida Keys in 2005. In 2006 while living in Ecuador I helped with evacuations during two volcano eruptions.\r\nBecause my Heavenly Father has been with me every step of the way, i now wake up each morning with anticipation to see what we (him and I) will do next.   ',1,1),
 (21,'CHRISTINA','GARZA','517 FREELAND PATH','','ROUND ROCK','TX','78664','5122973971','','','christina_garza@dell.com',26,4,1980,'SHORELINE CHRISTIAN CENTER','',1,1),
 (22,'John','Foote','3513 Canadian St','','San Angelo ','TX','76904','3259493104','3256543532','3253403732','jsdaffoote@live.com',19,2,1952,'San Angelo First Assembly','Emergency Management FEMA Cert 100, 200, 300, 400, 700, 800\r\nDoD Cert Fire Officer IV\r\nBastrop Ash Shifter\r\nFire Chief and Hey You...',1,1),
 (23,'Ronnie','Franklin','3435 Peak Road','','Granbury','TX','76048','','','8175785449','ronnie@royalrangers.net',6,10,1947,'Christ Church - Fort Worth','Amateur Radio Operator, videography, photography, computer\\\'s, computer networking, electrical wiring, framer and other building skills.  Have motor home so do not need lodging.  Member of MAPS RV, member of National Royal Rangers Executive Staff, retired.',1,1),
 (24,'Gretchen','Kendall','15945 Warren Lawson Loop','','Temple','TX','76502','2549862544','2549392122','2549312498','pastorgretch@gmail.com',22,5,1958,'Belton First Assembly of God','serves on pastoral staff of Belton First; pastoral administration; serves on board of Body of Christ Community Clinic; seasoned short term overseas missions to Russia; also short term mission work in Joplin MO; short term AIM mission work to Kingston,Jamaica; also has helped with construction cleanup and at home remodel projects.',1,1),
 (25,'Rick','Barrera','2407 Sycamore Trail','','Round Rock','TX','78664','5126950473','','5126950473','rickbarrera@hotmail.com',14,7,1969,'Shoreline','',1,1),
 (26,'Kasey','Rose','700 W Mulberry St','','Decatur','TX','76234','','','9403892150','momof3kasey@aol.com',28,1,1986,'Hilltop Assembly of God','Relationships and communication, computer proficiency, volunteer experience in various places and activities. Caring and compassionate, lots of education on child development.',1,1),
 (27,'Jonathan','Johnson','2009A Margalene Way','','Austin','TX','78728','5124179776','5122449090','5124179776','pastor@cwcaustin.org',14,8,1968,'Calvary Worship Center','Pastor of Calvary Worship Center.  We would like to sent teams of men and women in response to a disaster. We have varying skill sets and construction backgrounds.  Please call when the need arises!',1,1),
 (28,'RICKY','ESPINOZA','1015 SINGLETREE DR','','FORNEY','TX','75126','','','2146814726','visionforricky@yahoo.com',1,4,1964,'Mustang Creek Community Church','Pastor, Chaplain (Shield # 1922), Bi-Lingual (English/Spanish), Dr. in Theology',1,1),
 (29,'David ','Kuykendall','112 Patriot Pkwy','','75126','TX','75126','2146291988','','','david21164@yahoo.com',11,2,1963,'Mustang Creek Comunity church','Electric utility FEMA certified IOS 100 200 700',1,1),
 (30,'jessica','payne','523 freeman st','','mesquite','TX','75149','2144185437','9725521633','2144185437','jessica.payne5490@gmail.com',4,5,1990,'','',1,1),
 (31,'Gena','King','8805 Wood Glen Dr','','Rowlett','TX','75088','','','2148756844','gena@mustangcreek.org',9,7,1971,'Mustang Creek Community Church','',1,1),
 (32,'Caitie','Dossey','4400 University Blvd Apt. 19107','','Dallas','TX','75209','','','2544954538','catherine.dossey@yahoo.com',16,2,1987,'','',1,1),
 (33,'Allanah','Hawkins','597 Indian Springs Rd','','Springtown','TX','76082','','','8179016785','allanahhawkins@yahoo.com',8,12,1972,'Agnes Baptist Church','',1,1),
 (34,'Lauren','Elwell ','400 SW Gordon #113','','Burleson ','TX','76028','','','8179969807','mrselwell@yahoo.com',10,1,1986,'FBC Burleson ','',1,1),
 (35,'Duane','Stenberg','14938 sunset CRT','','Forney','TX','75126','','2143093423','4698347942','Dstenberg@gmail.com',26,12,1961,'Mustang Creek Communitu Church','',1,1),
 (36,'cindy','quillen','428 blue ridge tr','','ft worth','TX','76179','8172325430','','','cindybob1015@sbcglobal.net',15,10,1960,'Fellowship Baptist','',1,1),
 (37,'Kristen ','Shirley ','1240 Constance Dr','','Fort Worth','TX','76131','8176881841','8176881841','8176881841','kshirley@twu.edu ',10,3,1988,'St. Stephens ','I teach at Northwest ISD',1,1),
 (38,'David','Madrid','242 McCarley','','McKinney','TX','75071','','','2147029044','damadrid@hotmail.com',18,10,1971,'St., Micheals Catholic','NONE, just an able body.\r\nready to help 7 April 2012',1,1),
 (39,'marie','kinworthy','9160 Breezy Rd','','krum','TX','76249','9403689026','','','jmkinworthy@gmail.com',5,10,1980,'First Baptist Church, Denton','Administrative, Clean-up, anything!',1,1),
 (40,'becky','savoie','2106 Melissa St','','arlington','TX','76010','','','2142879154','wavewetwhispers@yahoo.com',26,2,1982,'LDS','',1,1),
 (41,'Kalpana','Ala','10336 stone harbor way','','Irving','TX','75063','9729220738','2145769391','','nisha_shirish@yahoo.com',7,10,1979,'','',1,1),
 (42,'Eva','Allison','9012 Sunridge Circle','#1116','Ft. Worth','TX','76120','','','8175666447','ejalynne@yahoo.com',6,10,1959,'Pantego Bible Church','Administrative, management, clerical, organizational, catering, communication, prayer warrior!!',1,1),
 (43,'Hunter','Davis-Overall','4113 Ping Dr.','','Mansfield','TX','76063','','','2146691308','hVictoria_21@yahoo.com',18,8,95,'Crossroads Christian Church','',1,1),
 (44,'Aaron','Morrow','1321 Luverne Drive','','Wylie','TX','75098','2143353085','','','aaron.morrow@coldwellbanker.com',26,8,1981,'','construction, contracting, real estate',1,1),
 (45,'Sheryl','Morgan','522 Forestwoood','','Forney','TX','75126','9724893732','','','cindy@oldfieldcpa.com',9,2,1957,'','',1,1),
 (46,'Cindy','Lichau','212 Summit Ridge Dr','','Rockwall','TX','75126','','','2145526709','cindy@oldfieldcpa.com',8,3,1948,'','',0,1),
 (47,'Jordan','Smith','358 Colt Court','','Saginaw','TX','76179','','8172349919','8178055419','s.tina56@yahoo.com',23,5,1994,'Eagle Mountain International Church','Hard Worker',1,1),
 (48,'Joe Don','Peters','2079 Griffith Ave','','Terrell','TX','75160','','9725639393','','cindy@oldfieldcpa.com',19,1,1977,'','',0,1),
 (49,'Kristina','Smith','358 Colt Court','','Saginaw','TX','76179','','8172349919','8178055419','s.tina56@yahoo.com',12,9,1956,'Eagle Mountain International Church','Veterinary Tech. Seamtress',1,1),
 (50,'Ronnie','Oldfield','402 W Moore Ave','','Terrell','TX','75160','','9735639393','','',15,2,1958,'','',0,1),
 (51,'Ashley ','Johnston','2084 Plantation Ridge ','','Forney','TX','75126','','','2144495591','ashannj@swbell.net',28,8,1990,'','',0,1),
 (52,'Suelene','Fontenot','103 June St','','Terrell','TX','75160','','9725639393','','cindy@oldfieldcpa.com',4,6,1964,'','',0,1),
 (53,'Jaime','Kepner','8206 Americas Cup','','Rowlett','TX','75089','','','2146416371','jaime.kepner@yahoo.com',7,9,1977,'Catalyst','I have my associates degree in medical assisting and I am currently working on my criminology degree. I have my CPR and First aid training/certification. I currently volunteer with VIPS in Rowlett and MADD in Dallas and I volunteer at our kid\\\'s schools.',1,1),
 (54,'Joshua','Lifto-Kepner','8206 Americas Cup','','Rowlett','TX','75089','','','2146416371','jaime.kepner@yahoo.com',7,7,1998,'Catalyst','I am 13 years old and have a heart of service. I am great with children and would love to help in any way. My mom also signed up and so is my dad.',1,1),
 (55,'Paul','Kepner','8206 Americas Cup','','Rowlett','TX','75089','','','2146416717','pkepneriv@yahoo.com',5,12,1972,'Catalyst','I am CPR/First aid certified. I volunteer with MADD in Dallas and volunteer at my kid\\\'s schools.',1,1),
 (56,'Nancy','Martin','Martin\\\'s Automotive ','9558 Helms Trail Suite 100','Forney','TX','75126','2148827149','9725641990','2148827149','martinautorepair@yahoo.com',9,6,1971,'','Provide Donations, Cooking, Cleaning, Errands, Automotive Repairs for needy families.',1,1),
 (57,'Amber','Marshall','1650 S John King #906','','Rockwall','TX','75032','','','2142067874','cindy@oldfieldcpa.com',13,9,1979,'','',0,1),
 (686,'Jennifer','Byrd','2820 Rodeo dr','','Quinlan','TX','75474','','','2145358462','jdwilliams_8@hotmail.com',9,1,1984,'Wills Point International Outreach Church','',1,1),
 (59,'Kimberly','Rowland','909 S Kerr','','Blooming Grove','TX','76626','','','2145420890','kimberly.gonzalez92@yahoo.com',27,6,1978,'','I am bilingual, fluent in spanish. Hard working and have a family ready to assit. (children ages 8-13) husband currently in Indiana waitng to be released from demoblizing just returned from Afghanistan.  We will be happy to assit in any way we can. Husband is expected to arrive Friday so Saturday, Sunday and Monday are avaliable',1,1),
 (60,'Megan','McLemee','6476 County Road 323','','Terrell','TX','75160','','','9727431047','meganmclemee@gmail.com',11,2,1994,'','',0,1),
 (61,'Keith','Clayton','8774 Karen Lane','','Terrell','TX','75160','','','2149263020','cindy@oldfieldcpa.com',25,11,1957,'','',0,1),
 (71,'Earle','Bensing','11015 Pinocchio','','Dallas','TX','75229','','','2146498681','cindy@oldfieldcpa.com',25,3,1959,'','',1,1),
 (62,'Andria','Adams','103 June','','Terrell','TX','75160','','','2143542322','cindy@oldfieldcpa.com',28,8,83,'','',1,1),
 (63,'vanessa','zendejas','14222 Dallas Parkway ','#2026','Dallas','TX','75254','2145143543','','','vanessaannz@gmail.com',17,10,1986,'','',1,1),
 (64,'Heidi','Mnkandhla','300 West Pioneer Pkwy ','','Grand Prairie','TX','75051','','9722646245','5709168269','heidim@fellowshipofjoy.com',14,1,1989,'Fellowship of Joy Church','My husband and I are the youth pastors here at our church so we would like to brng our youth out this friday to help whereever we can. Please let me know when and how we can help before tonight so we can tell our youth tonight about it. Thanks!',0,1),
 (65,'CAMERON','NORRIS','2501 HEATHER GLEN DR','','PLANO','TX','75025','','','4696674385','COASTGUY5@GMAIL.COM',31,10,1984,'','I can assist with manual labor jobs. I have a utility trailer for hauling bulk food, debris, tools, equipment, etc. I have offroad vehicles for remote assistance on muddy roads and AG areas. Please let me know if I can help.',1,1),
 (66,'sharon','salinas','81 CR118','','whitesboro','TX','76273','9403723341','','','sharond.crazyauntie@gmail.com',5,9,1968,'cross timbers, valley view, tx','',1,1),
 (67,'BRIAN ','KEATTS','4309 RIDGEDALE DR','','MESQUITE','TX','75150','2146013087','','','keab02@yahoo.com',29,5,1973,'lakepointe ','',1,1),
 (68,'Robert','Harper','16865 FM 429','','Terrell','TX','75161','','','9032580422','cindy@oldfieldcpa.com',7,7,63,'','',0,1),
 (69,'Steven','Braucht','1713 Eastgate Dr.','','Terrell','TX','75160','','','2542302083','cindy@oldfieldcpa.com',6,11,77,'','',0,1),
 (70,'Mike','West','801 1st','','Terrell','TX','75160','','','8173715594','cindy@oldfieldcpa.com',5,12,1945,'','',1,1),
 (72,'Carlos','Villegas','2150 Richbrook','','Garland','TX','75044','','9723355000','2144151812','biglos93lx@yahoo.com',10,12,1974,'St. Joseph','Prior Marine.  Very organized and willing to help with anything.  ',1,1),
 (73,'Julie','Ballantine','3018 Bayside dr','','Rockwall','TX','75087','9728350963','9728350963','9728350963','jewels7775@yahoo.com',7,7,1975,'Lakepoint member - Rockwall ','',1,1),
 (74,'Jessica','Bolton','6904 Beckworth Ln.','','Plano','TX','75024','','9722501775','4695009780','jessica@bolton.us',1,7,1983,'Hope Fellowship','Loving people and trying to help when I can.',1,1),
 (75,'Alissa','Cooper','4859 Cedar Springs ','#338','Dallas','TX','75219','','9727764737','4695447488','alissa.temple.cooper@gmail.com',27,3,1969,'Belton Methodist Church','Take excellent direction.  Focused and willing to help in any way possible.',1,1),
 (76,'Amber','Farquhar','118 Stone St ','','Forney','TX','75126','9725521678','9725521678','9726723175','afarquhar1@me.com',19,8,1972,'Mustang creek community church ','',1,1),
 (77,'Brandi','Carrera','4216 Lively Lane','','Dallas','TX','75220','','','4692353597','brcarrera@yahoo.com',8,10,1971,'Park Cities Baptist','I am a photographer and administrative assistant.  I can help anyway you need, cleanup, bring donations, anything. Many people who live in Forney are my childhood friends.  Thanks.',0,1),
 (78,'Bryan','Methvin','15530 Lewis Place','Apt 1711','Addison ','TX','75001','3148008230','','','bryan@lime-media.com',12,7,1981,'','',0,1),
 (79,'Melinda','Hicks','10205 Max Lane','','Frisco','TX','75035','','','4696677498','mindyjo1125@yahoo.com',17,4,1971,'','',1,1),
 (80,'Scott','Stephens','13276 Clearview','','Forney','TX','75126','9725522160','','2142264546','tinagstephens@yahoo.com',23,1,1962,'Trinity Family Church- Forney','Can help with clean up some... and running errands to help\r\ncan provide some finanacial assistance',0,1),
 (81,'REBECCA','ROGERS','3317 7TH ST LOT 7','','SACHSE','TX','75048','4692169875','','4692169875','leighrogers2000@gmail.com',19,7,1975,'FIRST BAPTIST SACHSE','CLASS B CDL',1,1),
 (82,'LANE','ROGERS','3317 7TH ST LOT 7','','SACHSE','TX','75048','4692169875','','4692169875','leighrogers2000@gmail.com',18,10,1996,'FIRST BAPTIST SACHSE','',1,1),
 (83,'David','Johnson','501 Carleton Drive','','Richardson','TX','75081','','','8179990482','David.Johnson@archon.com',28,1,1983,'Prestonwood Baptist','',1,1),
 (84,'JORDAN','SCHUMACHER','3317 7TH ST LOT 7','','SACHSE','TX','75048','4692169875','','4692169875','leighrogers2000@gmail.com',21,3,1995,'FIRST BAPTIST SACHSE','',1,1),
 (85,'Julie','Tooker','9600 Coit Rd. #2615','','Plano','TX','75025','2149863663','','','jztooker@yahoo.com',10,11,1976,'','',1,1),
 (86,'Jason','Fuller','607 Windflower Dr','','Rockwall','TX','75087','','9724750058','4692730058','jasonf@lime-media.com',1,2,1976,'Lake Pointe Church','some construction(carpentry and plumbing), forklift and other heavy machinery, art and design',1,1),
 (87,'Armando','Zapata','2029 Wildwood Dr','','Forney','TX','75126','','','4694749447','armando.zapata@searshc.com',8,3,1989,'','',1,1),
 (88,'Erin','Birdsong','1705 RICHFOREST DR','','RICHARDSON','TX','75081','','','9723753468','ELB1780@GMAIL.COM',7,1,1980,'New Hope Church Wylie, TX','No certifications',1,1),
 (89,'Debe','Wright','803 Amber Court','','Allen','TX','75002','','','2147631793','debe.wright@gmail.com',11,10,1962,'Summit Church, Wylie, Texas','Can pretty much help in all areas of clean up. Contact me with options and I will let you know how I can help. Not financially though at this time as I am not employed.',1,1),
 (90,'Ruby','Light','4411 Glenview Drive','','Sachse','TX','75048','','','2145334065','ruby_light@mcafee.com',29,4,1972,'','I work for McAfee in Plano Texas, I have a group of sales people that would like to volunteer to help in both clean up and donation station Please let me know the best way to schedule and help out!\r\n',1,1),
 (91,'Rebekah','Reffitt','121 Maywood','','Rockwall','TX','75032','','9722851100','2145577369','rebekah.reffitt@gmail.com',8,1,1986,'Lake Pointe Church - Rockwall Campus','No certifications, but I am skilled in the financial industry, administrative work and I have volunteered on numerous occasions with North Texas Food Bank.  ',1,1),
 (92,'Kate','Vanous','2121 W Campbell Rd','Apt 935','Garland','TX','75044','','','4025258672','KVanous22@yahoo.com',15,6,1986,'','Available April 7th and 8th',1,1),
 (93,'Lori','Feste','1113 Covington Dr.','','Mesquite','TX','75149','','2148499127','2142133904','lfeste@rosewd.com',10,12,1965,'Mimosa Lane Baptist Church','can pick up debris, help serve meals, deliver/distribute supplies, etc.',1,1),
 (94,'Tim','Ware','213 Tejas Dr.','','Glenn Heights','TX','75154','9722741208','','2149307339','tim@missionmetro.org',21,1,1969,'Trinity Church','Licensed Electrician, General Construction, Class A CDL with combination endorsement',1,1),
 (95,'Doyle','Martindale','PO Box 294','','Eustace','TX','75124','9032929857','','9032929857','ddeustex@aol.com',15,7,1967,'First Baptist Church-Eustace','',0,1),
 (96,'Andy','Crisp','7 Winding Creek Trail','','Garland','TX','75043','','9724751200','','',23,10,1976,'Saturn Road Church of Christ','working with people',1,1),
 (97,'Kay','Ross','400 Queen St','P.O. Box 117','Aledo','TX','76008','8174417357','8174417357','8179293893','kross@aledochristianschool.com',27,1,1954,'Aledo Christian School','I have a group (20-30) kids 13-18 yrs. old and teachers who would like to help with cleanup. They are willing to help with whatever needs to be done.We\\\'d like to help April 5, if possible.',1,1),
 (98,'courtney','smith','1976 nicole ln','','Forney','TX','75126','2147321870','','','courtney.uniquefashions@yahoo.com',9,3,1993,'','',1,1),
 (99,'Toby','Abbott','5620 ','N fm 148','Tally','TX','75160','4695956699','4695956699','4695956699','Tobyabbott@rocketmail.com',24,10,1964,'Round pen cowboy church','Pastor',1,1),
 (100,'Zach','VanSteenburg','4905 Creekridge ln','','Garland','TX','75043','','','2147993403','ruthc0808@yahoo.com',19,7,97,'','young kid that wants to help',1,1),
 (101,'michelle','verduin','5019 highridge dr','','sachse','TX','75048','9724290805','','2148033992','verduin5@verizon.net',3,9,1976,'stillwater community','medical assistant cpr first aide',1,1),
 (102,'Elisabeth','Jordan','2733 Oak Lawn Ave','','Dallas','TX','75219','','','2148628231','elisabeth19@gmail.com',19,12,1984,'All Saints Dallas','I am trying to organize a group on behalf of my church, All Saints Dallas, to come volunteer and help this Saturday, April 7.  Please let us know how we can help; we will help in any way!\r\nThanks,\r\nElisabeth Jordan',1,1),
 (103,'Tracy ','Grass ','16264 O Conner Ave ',' ','Forney ','TX','75126','','','2147277838','tgrass84@gmail.com',10,3,1965,'First Baptist Forney','',1,1),
 (104,'Lis','Dyvig','316 S Morrow St.','','Blue Ridge','TX','75424','','','9405949414','edyvig@gmail.com',3,11,1984,'Crossroads Assembly of God, Greenville','Well, I\\\\\\\'m not quite sure what skills you\\\\\\\'re looking for - I work hard and will do anything needed!',1,1),
 (105,'Sandi','Paschal','1085 Paradise Cove Road','','Pottsboro','TX','75076','9037867470','9724751200','2142801395','sandi@lime-media.com',22,4,1953,'','',0,1),
 (106,'jana','moore','1341 Providence Blvd','','Providence Village','TX','76227','','','2149306827','stana7875@gmail.com',30,7,1975,'coc metro-aubrey tx','',1,1),
 (107,'Maythe','Guillen','10434 Shayna Dr','','Dallas','TX','75217','2149279817','2149279817','2149279817','maythe_g2010@yahoo.com',24,11,1991,'','',1,1),
 (108,'Amber','Guillen','10434 Shayna Dr','','Dallas','TX','75217','2143855038','2143855038','2143855038','amber_guillen11@yahoo.com',17,11,1993,'','',1,1),
 (109,'Xanthe','Guillen','10434 Shayna Dr','','Dallas','TX','75217','2149279843','2149279843','2149279843','xanthe_g2010@yahoo.com',24,11,1991,'','',1,1),
 (110,'Ashley','Lopez','10434 Shayna Dr','','Dallas','TX','75217','2144501669','2144501669','2144501669','ashec23@GMAIL.COM',29,5,1992,'','',1,1),
 (111,'john','heintschel','5270 Park Ridge drive','','Frisco','TX','75034','','','2145576760','john.heintschel@bms.com',20,3,1963,'St Augasi','I have a group of people from 5 to 10 that would like to volunteer for Forney Tornado Relief,  we are from Bristol Meyers Squibb.  Myself I have my B.S.N. and State of Texas license in Nursing.  We would like to volunteer as soon as you need us, possibly next monday  thank you',1,1),
 (112,'Tonja','Williams','1434 Nottingham dr','','Kaufman','TX','75142','','','4698349178','Tonja.l.Williams@gmail.com',23,12,1987,'Kaufman county Christian center','Youh sponsor for church,  praise team, CPR , first aide certified ',1,1),
 (113,'Sarah','Burt','1007 Hopkins Dr.','','Denton','TX','76205','','','9404653107','sarahjayneburt@yahoo.com',2,8,1989,'','',1,1),
 (114,'Karen','Emmel','4013 Vernon Way','','Keller','TX','76244','8173374713','2104782908','2104782908','ke76248@aol.com',29,7,1952,'New Hope Lutheran Church','College educated, manual labor, office skills, whatever is needed.',1,1),
 (115,'tharwat ','almahayni','1105 buckingham Dr','','forney','TX','75126','','','2146638775','syrianpride@hotmail.com',1,3,1995,'N/A','CPR and First Aid certified \r\nspeaks English / Arabic fluently in case of the need for a translator ',1,1),
 (116,'Taylor','Blakely','1072 W. Secretariat Dr. ','','Talty','TX','75160','9725642166','','','tayblay@att.net',26,12,1991,'FBC Forney','',0,1),
 (117,'Lisa','Francis','10712 Linda Cir','','Forney','TX','75126','','9722137012','2147947602','outofgravity70@yahoo.com',18,9,1970,'In home church','',1,1),
 (118,'zeina','shahbandar','long prarei Dr ','','forney','TX','75126','','','2145429225','zeina.shahbandar@hotmail.com',9,8,1994,'N/A','first aid and CPR certified ',1,1),
 (119,'Dana','Almahayni','1105 buckingham dr','','Forney','TX','75126','','2146698755','','yasmenelsham93@hotmail.com',14,8,1993,'','',1,1),
 (120,'Emily','Palacio','3158 W. Northgate Dr. #1020','','Irving','TX','75062','','','4692375459','palacioemily@hotmail.com',27,12,1964,'the church of jesus christ of latter day saints','commercial property porter~cleaning is my job outdoors',1,1),
 (121,'Nikki','Marshall','7908 N St Hwy 34','','Terrell','TX','75161','','','2148642897','Nikki.ree0528@gmail.com',25,7,1988,'FBC Forney','Registered Nurse, BSN\r\nCPR/AED certified\r\nAble to perform physically demanding activities ',1,1),
 (122,'Faith','Francis','10712 Linda Cir','','Forney','TX','75126','','','4692475432','outofgravity70@yahoo.com',9,8,1997,'In home church','',1,1),
 (123,'Cherisee','Rodriguez','1120 Americana Ln','#1310','Mesquite','TX','75150','9729221322','','','chernicole@aol.com',2,5,1983,'','CPR/Basic Life Support (BLS), Pediatric Advanced Life Support certified (PALS), & nursing student--May 2012 Graduate, Habitat for Humanity volunteer',1,1),
 (124,'Shae','Petty','1116 Longhorn Lane','','Forney','TX','75126','','','9723103765','Shae.Petty@yahoo.com',12,1,1986,'','Can help clean up debri, baby sit, dog sit, help transport. ',0,1),
 (125,'Lisa','Beatty','606 Orchard Ln','','Forney','TX','75126','9725522559','','2142074984','nursebeatty@yahoo.com',9,4,1977,'','Registered Nurse',1,1),
 (126,'candi','davenpor','103 cherokee dr','','forney','TX','75126','4698672541','9725521989','','ccgdav@hotmail.com',11,11,1969,'New River','Anything administrative.Willing to clean use a shovel or cleaner. will work with animals and anything needed to be done.',1,1),
 (127,'Carley ','Cannon','1225 Alder Tree Lane','','Royse City','TX','75189','','','8176835503','Carleychanel@gmail.com',31,8,1984,'','',1,1),
 (128,'Blake','Lemmon','10121 Irish Ridge St','','Forney','TX','75126','9725529589','','4698654009','blakelemmon@yahoo.com',18,5,1994,'First Baptist Church of Forney','',1,1),
 (129,'Amanda ','Lemmon','10121 Irish Ridge St','','Forney','TX','75126','9725529589','','4698773009','amandalemmon38@yahoo.com',28,12,1970,'First Baptist Church of Forney','',1,1),
 (130,'Angie ','Bailey ','622 Carl C Senter','','Forney ','TX','75126','','','4695287693','angierbailey@Yahoo.com',28,1,1977,'','I am a stay at mom. My kids are at school though during the day. I have one 5 year old but I have a sitter at any time. I am a very good worker. I would love to come and be apart of your team and worker',1,1),
 (131,'Donna ','Fischer','136 Paige Ct.','','Forney,','TX','75126','','','9725710879','gnd1993@yahoo.com',7,10,1970,'First Baptist Forney','Cleanup\r\nCertified school counselor',1,1),
 (132,'Jenefer','Grady','1014 Cottontail Dr','','Forney','TX','75126','','','9726934335','jenefer.grady@aol.com',1,7,1984,'','',1,1),
 (133,'Kim','Blair','242 Westlake Drive','','Forney','TX','75126','','','8177233109','kimi.dawn@yahoo.com',6,6,1978,'First Baptist Forney','',1,1),
 (134,'Stacy','Summers','11208 Harbor Road','','Frisco','TX','75035','9729877063','9723353480','9725236948','youth@friscofumc.org',9,3,1970,'First United Methodist Church of Frisco ','I am the youth director at the First United Methodist Church of Frisco and I have a group of youth and parents who would like to come and help with the relief efforts.  We are hard workers!  Please contact me to tell us how and where we would be most useful.  We have worked mission trips before and can move stuff, clean, work in warehouses, whatever is needed.  Thank you!',0,1),
 (135,'Morgan','Fischer','136 Paige Ct.','','75126','TX','Forney','9725644887','','2147042199','mofischer12@yahoo.com',17,6,1996,'First Babtist Forney','Clean up. ',1,1),
 (136,'Nikki','Bennett','6234 Prospect Ave. ','','Dallas','TX','75214','','','2148706458','Nikki.bennett83@yahoo.com',6,12,1983,'','Chuild care debris cleanup, food prep, transportation, pet care',1,1),
 (137,'Holly','Ward','2005 green apple lane','','Arlington','TX','76014','2149129349','','','Nikki8623@yahoo.com',21,2,1985,'','',1,1),
 (138,'Chelsea','Sutton','1544 River Oaks Dr.','','Irving','TX','75060','','','2147248488','chelsea.sutton@yahoo.com',26,9,1990,'South MacArthur Church of Christ','I would like to help anyway possible, picking up debris, helping distribute supplies to residents in need, etc. However, I do not have skills with machinery.',1,1),
 (139,'Melanie','Smith','913 Concord','','Forney','TX','75126','9725529341','','2142889341','jmlmsmith@sbcglobal.net',23,1,1978,'','',0,1),
 (140,'Chris','Bates','142 Manchester Dr, #241','','euless','TX','76039','','','6822219837','Batescd87@gmail.com',18,1,1987,'','I am acquainted with disaster relief seeing that I went to Louisiana after hurricane Katrina and I know my way around tools.',1,1),
 (141,'Julie','Marquett','11700 Port Rd','','Frisco','TX','75035','','','2144501778','ntexasnurse71@aol.com',22,11,1971,'','nurse',1,1),
 (142,'Garrett','Sutton','1544 River Oaks Dr.','','Irving','TX','75060','','','2147248488','garrett.sutton02@gmail.com',19,10,92,'South MacArthur Church of Christ','I will be best at picking up debris, manual labor, whatever I am needed for. Would prefer not to work with chainsaws and tools. ',1,1),
 (143,'Cookie ','Hoffmann','913 concord','','Forney','TX','75126','','','9729353616','jmlmsmith@sbcglobal.net',20,6,1982,'','',0,1),
 (144,'Brooke','Soard','6417 Hampstead Drive','','Rockwall ','TX','75087','','','2144640465','brookegasper@yahoo.com',30,4,1976,'','Certified teacher/diagnostician, able to help clean, organize, read/watch children ',1,1),
 (145,'Beverly','Hoffmann','913 concord','','Forney','TX','75126','','','9729353616','jmlmsmith@sbcglobal.net',4,12,1953,'','',0,1),
 (146,'Alicia','Garcia','1625 meadowglen ln','','mesquite','TX','75150','','','2148863798','alicat0769@yahoo.com',1,10,1989,'St, Martins Catholic church','',1,1),
 (147,'Joel','Johnson','5713 Hawthorne Dr','','Waco','TX','76710','2545483807','254662333','','mercuryonewaco@hotmail.com',28,3,1971,'','',1,1),
 (148,'Rick','Malcolm','6235 Tyning Circle','','Frisco','TX','75035','2145479259','2145510583','2145510583','rkrismal65@yahoo.com',26,7,1965,'Waters Edge Lutheran Church','General construction/clean up',1,1),
 (149,'Ben','Malcolm','6235 Tyning Circle','','Frisco','TX','75035','2145479259','','2147834495','roach0722@yahoo.com',22,7,1994,'Waters Edge Lutheran Church','clean up',1,1),
 (150,'Courtney','Corbin','4422 Scenic Drive','','Rowlett','TX','75088','9724754657','','','courtneycorbin@verizon.net',19,2,1995,'Lake Pointe Church','Whatever is needed. Not the best at lifting heavy things.',1,1),
 (151,'Alexandra','Thibeaux','612 Quicksilver Dr.','','DeSoto','TX','75115','','','9729518365','AThibeaux@smu.edu',25,9,1991,'Trinity Church, Cedar Hill','I have a dad who does carpentry, remodeling, etc. I could talk him into volunteering with me as a daddy-daughter bonding experience. He could probably bring his tools too-- pressure washer, compressed air tank thingy for nail guns and such. I also have a friend who is a plumber who I might be able to rope into giving advice at least :) I helped my dad rebuild a fence when I was younger and can do basic stuff like painting, babysitting... ',1,1),
 (152,'Zachary','Malcolm','6235 Tyning Circle','','Frisco','TX','75035','2145479259','','9725050656','zachmalcolm567@gmail.com',10,7,1998,'Waters Edge Lutheran Church','clean up',1,1),
 (153,'Kelly  ','Dishman  ','10084 Mustang Run','','Forney','TX','76126','','','9728006739','foleyk2001@yahoo.com',1,5,1978,'Fellowship Forney','My Name is not appearing on final sheet, I am Kelly Dishman',0,1),
 (154,'Kelli','Thompson','1260 W Secretariat Drive','','Terrell','TX','75160','9725521109','','2144754958','Kelli.thompson9@gmail.com',18,5,1970,'CLife','',0,1),
 (155,'Laci','Burgess','11038 Bradley','','Forney','TX','75126','','','4694715187','Lacib87@yahoo.com',9,2,1987,'','',1,1),
 (156,'Kyle','Callaway','1318 E. Oaklawn Dr.','','Terrell','TX','75160','','','2142406413','kylec@lakepointe.org',21,5,1969,'Lake Pointe Church in  Rockwall','pastoral,  chain-saw work, labor  -We are planning on getting our boys out of school on friday to help clean.  They are strong young men, ages 15 and 17',1,1),
 (157,'Debbie','Rocha','1716 Lake Way Dr.','','Little Elm','TX','75068','9727419834','','','debbie.faith.rocha@gmail.com',10,12,1984,'Gateway Church','Teaching Certificate, Art Teacher, Construction experience and mission trips, Writer, ESL, Crisis Pregnancy Center experience, Volunteer with Katrina Red Cross, ',1,1),
 (158,'Elsa','Mcgee','2101 Northridge Dr','','Forney','TX','75126','4697629098','','4692369098','mcgeeelsa69@yahoo.com',22,5,1973,'','A hard worker!! And I have a big heart!!',1,1),
 (159,'Brandi','Lafleur','686 summerhaven','','forney','TX','75126','2148532658','','','brandilafleur@gmail.com',7,8,1972,'C/life','',0,1),
 (160,'Jordan','Bearden','421Southlake','','Forney','TX','75126','9725649168','','2147939926','sbearden1945@yahoo.com',0,0,0,'Victory Baptist Church','no DOB listed, has parent signature',0,1),
 (161,'Mirielle','Inman','11431 Hill Country Circle','','Ponder','TX','76259','9404790116','','8178001300','evanismysuga@yahoo.com',22,5,1953,'Denton Bible','Heavy labor, making food, prayer and comfort.. whatever needs to be done. My husband will be coming also, he is a GOd fearing handyman. We would like to help our neighbors ',1,1),
 (162,'Jennifer','Willis','1505 Fairfield Drive','','Forney','TX','75126','','','9728000881','jenwillis0268@yahoo.com',2,2,1968,'none at this time','business admin degree, manage a truck stop, multi-tasker, not afraid to get my hands dirty.',1,1),
 (163,'Stephanie','Harrison','1013 youkum ct','','Forney','TX','75126','','','3616582688','harrisons32@yahoo.com',29,5,1969,'','',1,1),
 (164,'Nathan','Johnson','2035 Cone Flower Drive','','Forney','TX','75126','','','7039190218','njohnson@jqeng.com',18,1,1977,'C Life in Forney','Licensed Structural Engineer, Former Residential Construction Worker',0,1),
 (165,'Chelsea','Edmonds','1013 youkum ct','','Forney','TX','75126','','','3616582688','harrisons32@yahoo.com',10,2,1997,'','',1,1),
 (679,'Nicole','Bustillos','4905 King Fisher','','Mesquite','TX','75181','','','2145866754','elisha.lonez@yahoo.com',19,3,1986,'Mustang Creek Community Church','',1,0),
 (167,'Regan','Burkett','2020 Pine Knot Dr','','Heartland','TX','75126','4093921468','','','rburkett412@yahoo.com',12,4,1976,'','general, animal care if needed',1,1),
 (681,'Ashley','Butler','4024 Shawnee Tr','','Heartland','TX','75126','','','2147948345','ashleybutler757@gmail.com',9,12,1985,'C-Life','',0,1),
 (169,'Kelly','Brown','1204 single tree ct','','Forney','TX','75126','2144020246','','','Kbrown1@mesquiteisd.org',8,9,1987,'','',1,1),
 (170,'Jennifer','Barnes','2876 Hampshire ln. ','','Rockwall','TX','75032','','','4693873117','Alloyjbb@aol.com',19,5,1986,'','',1,1),
 (171,'Krystal','Blue','6707 Foxglove Tr.','','Sachse','TX','75048','9727657724','','','kblue0022@gmail.com',4,7,1989,'Northplace Church','CDL license without air brakes, CPR and First Aid Ceritified, great with kids',1,1),
 (172,'Sara','McCutchen','1409 N. Zang Blvd. #322','','Dallas','TX','75203','4692313968','9725644055','','sara.mccutchen@forneyisd.net',30,6,1974,'','painting, clean up, basic building',0,1),
 (173,'Jeremy ','Norwood ','2111 Northridge dr','','forney','TX','75125','5755205191','','','jernor31@Gmail.com',21,1,1979,'forney first Baptist ','Military and national guard retired worked clean up in New Orleans ',1,1),
 (174,'Dan','Cope','3900 Grapevine Mills Pkwy.','Apt 726','Grapevine','TX','76051','','','9725149754','Dan_Cope@missionfoods.com',17,10,1955,'','Class A CDL.  I can drive any type of tractor trailer, roll off, dump truck, etc.  I also have hand tools for car repair, etc.  I\\\'m available all day Sunday 4-8',1,1),
 (175,'Patrick','Luecke','111 East Stark Road','','Seagoville','TX','75159','','','2145389430','patsteelers@gmail.com',20,7,1991,'Robinwood Baptist Church','Physical labor & whatever else needed',0,1),
 (176,'Karen ','Marler','2028 Fairview dr.','','Forney,Tx 75126','TX','Texas','9034831314','','9037058543','rigmover33girl@yahoo.com',4,4,1972,'','',0,1),
 (177,'R. Erik','Rodriguez','5333 Everglade Rd','','Dallas Texas','TX','75227','','','2144507924','ralpherikrodriguez@yahoo.com',6,11,1979,'St. Augustine','TDLR Journeyman Electrician  & Bobcat/Tractor owner operator',1,1),
 (178,'Chrissy','Allmann','126 Weston Court','','Rockwall','TX','75032','4692312793','9727051151','4692312793','chrissyallmann@yahoo.com',16,1,1980,'LakePointe Rockwall ','',1,1),
 (179,'Trenton','Killingsworth','101 Jason Dr','','Forney ','TX','75126','','','9722073218','TrentonKillingsworth@live.com',95,9,1995,'Fellowship','CPR/First Aid Certified ',1,1),
 (180,'Lauren','Penn','306 border st','','Forney','TX','75126','','','2145158961','Ashliep88@gmail.com',21,8,1988,'','Certified medical assistant CPR certified first aid certified',1,1),
 (181,'Syed','Muntajibuddin','2140 Medical District Drive, Apt 3097','','Dallas','TX','75235','','','8177270944','syed.muntajibuddin@utsw.edu',18,6,1989,'','CPR Certified, 2nd year medical student',0,1),
 (182,'Rebecca ','Flanigan','517 wolf drive','','Forney ','TX','75126','','','8177406583','rebeccaflanigan4@hotmail.com',21,6,1971,'','Emergency nurse, CPR,enpc,acls',1,1),
 (183,'Lacey','Wright','616 Rockbrook Dr','','Forney','TX','75126','4693711118','','4693711118','lacey_n_wright@yahoo.com',22,2,1984,'none','',0,1),
 (184,'Dylan','Farmer','5824 Goodwin ','','Dallas','TX','75206','2146497978','','','Dfarmer@smu.edi',24,2,1987,'First Baptist Forney','Organization, lifting, clean up ',1,1),
 (185,'Christi','Flanigan','517 wolf drive','','Firney','TX','75126','','','8178805310','rebeccaflanigan4@hotmail.com',3,6,1995,'','',1,1),
 (186,'Lauren','Watkins','298 Hillside Drive','','Forney','TX','75126','','','2143367560','ldwatkins12@gmail.com',4,5,1985,'','',1,1),
 (187,'Jeff','Hottel','300 E Davis St','','Mesquite','TX','75149','','9728827800','','jhottel@mesquiteisd.org',26,4,1976,'Centerville Road COC','Bringing Senior Leaders from Mesquite HS to help with clean-up.',1,1),
 (188,'Lisa','Braun','373 Phillips Ct','','Rockwall','TX','75087','2142131768','','2142131768','Libraun@yahoo.com',1,5,1967,'','Speak Spanish fluently, taking classes to be a certified vet tech, i can bring a few crates in case animals are found. I have worked at Verizon for 17 yrs as a translations engineer but I would like to be out there actually doing work... Removing rubble, clean up etc...I\\\'m pretty active so there should not be any issues with that. I am able to take off of work tomorrow, Thursday the 5th... Please let me know... Or I can show up in the morn after I take my son to school.  Thank you',1,1),
 (189,'Kristina','Gatlin','14914 Melody Lane','','Forney','TX','75126','','','9727484200','yohoo260@yahoo.com',27,11,1969,'','',0,1),
 (190,'Carl','Francis','10712 Linda Circle','','Forney','TX','75126','','','2147947205','cwfrancis2@gmail.com',16,3,1967,'House church','',0,1),
 (191,'Lynsey','Ingram','124 rambling way','','Forney ','TX','75126','','','6825975852','Lynseyingram84@yahoo.com',22,6,1984,'','Elementary teacher special needs students ',1,1),
 (192,'Lindsay','Breadon','1033 Johnson City Ave','','Forney','TX','75126','9725522518','4695336731','9034565458','breadon_5@sbcglobal.net',8,6,1983,'','',0,1),
 (193,'Stephanie','Sbong','2610 Sam Houston Dr.','','Garland','TX','75044','','','4696883873','stephaniesbong@hotmail.com',14,10,1986,'Crossroads Community Church - Dallas','ACLS, BLS',0,1),
 (194,'Felicia','West','714 Central Ave.','','Forney','TX','75126','','','2142129124','aillissa@yahoo.com',29,5,1978,'','',1,1),
 (195,'Christi','Warren','1144 Buckingham Dr.','','Forney','TX','75116','','','4696885830','christidwarren@yahoo.com',29,1,1980,'','',1,1),
 (196,'Brittany','Mccraw','2933 Jeremy Drive','','Mesquite','TX','75181','4692303412','4692303412','4692303412','brittanymccraw@ymail.com',19,3,1991,'','First aid certified card just hasnt come in yet\r\nattending medical assisting school and almost done currently have a gpa of 3.5',1,1),
 (197,'Aaron','Owens','10214 Wild Rose Circle','','Forney','TX','75126','','','2147693782','amo340@cnextplus.com',13,4,1971,'Fellowship Forney','Construction, industrial maintenance, welding & metal work',1,1),
 (198,'Kimberley ','Melendez','4806 Windward Psg','','Garland','TX','75043','2144543790','','2144543790','kmabc@att.net',7,9,1964,'','just a normal person willing to help!',1,1),
 (199,'Kathrine','Keyworth','218 Starlight Dr','','Forney','TX','75035','2145368115','','','kkeyworth@ymail.com',23,3,1981,'','',1,1),
 (200,'Alicia','Boothe','2013 Knob Hill','','Plano','TX','75023','9729711143','','','aliciab@fbsbenefits.com',25,9,1978,'','',1,1),
 (201,'Brooke','Robertson','8712 cr 215','','Terrell','TX','75160','','','2145467488','Brookefms2012@aol.com',27,12,1993,'','',1,1),
 (202,'CODY','WILLIAMS','1434 NOTTINGHAM DR','','KAUFMAN','TX','75142','','','4698349271','CWILLIAMS8807@GMAIL.COM',8,10,1988,'KAUFMAN COUNTY CHRISTIAN CENTER','USHER FOR CHURCH, YOUTH SPONSER, FIRST AIDE TRAINING(TOOK CLASS AT LOCAL COMMUNITY COLLEGE LAST YEAR)',1,1),
 (203,'Amber','Shinn','1015 Bainbridge','','Forney','TX','75126','2142267886','2142267886','2142267886','ashinn@deloitte.com',9,7,1979,'','',0,1),
 (204,'Kelsey','Clemmer','103 Greenfield Tr.','','Forney','TX','75126','','','9728323626','kelseyz909@yahoo.com',15,2,1993,'Kaufman County Christian Center','',1,1),
 (205,'josh','holden','2005 royal crest dr','','garland','TX','75043','2142129147','9724751200','','joshuaholden7@yahoo.com',16,8,1979,'','general contractor- electrician, plumber, carpenter, metal fabrication',1,1),
 (206,'Jason','Albright','3454','','Royse City ','AA','75189','4692601004','','','theomgfreak@yahoo.com',16,3,1970,'lakepint','',1,1),
 (207,'Jennifer','Hubbard-Morgan','631 Crockett Dr','','Lavon','TX','75166','2142067037','','2142067037','kcslady2003@yahoo.com',8,12,1966,'','Worked many past tornado\\\'s and disasters ',1,1),
 (208,'Lynn','Wachter','4905 Alberta Circle','','Sachse','TX','75048','9725301570','2144934231','2146429462','mswachter@verizon.net',19,6,1961,'First Baptist Church of Sachse','Sachse Cert Team, CPR, Red Cross DAT team. Willing to work where needed. My husband Mark will be joining me.',1,1),
 (209,'Jennifer','Tucker','7629 Uvalde Way','','McKinney','TX','75071','','','2146032230','jennifergtucker@yahoo.com',25,11,1970,'','clean up',1,1),
 (210,'Eric','Lara','4670 Amesbury Dr','1085','Dallas','TX','75206','','','9729770707','eplara1978@gmail.com',10,12,1985,'Skillman ','',0,1),
 (211,'Maddie','Carney','218 independence trail','','75126','TX','75126','','','4669551222','rebeccaflanigan4@hotmail.com',21,10,1996,'','',1,1),
 (212,'Peyton','Hedrick','128 lightning trail','','75126','TX','75126','','','4694741988','rebeccaflanigan4@hotmail.com',6,8,1996,'','',1,1),
 (213,'Taylor','Heath','114 W Pacific','','Forney','TX','75126','','','4696009823','rebeccaflanigan4@hotmail.com',28,10,93,'','',1,1),
 (214,'Stephanie','Fudge','6255 Oram Street','Apt 105','Dallas','TX','75214','','','2149242796','stephanie@lime-media.com',9,1,1984,'','',1,1),
 (215,'Jessica','Lovato','2002 Natchez Dr','','Forney','TX','75126','','','4692239262','1931jlovato@gmail.com',12,5,1981,'Lake Pointe ','',1,1),
 (216,'Erika','Castaneda','405 Carl C. Senter','','Forney','TX','75126','','','2145345640','Cerika35@yahoo.com',23,11,1993,'St. Martin Catholic Church','AED, first aid adult, first aid infant, first aid child certification. ',1,1),
 (217,'Tyler','Ashworth','1152 Hidden Ridge','Apt 1293','Irving','TX','75038','','','9405973349','tyler.ashworth@apexcapitalcorp.com',11,5,1986,'Lake Pointe - Rockwall, TX','Have volunteered with various church groups, went on multiple World Changers trips to help rebuild homes.  Not an expert by any means but I am willing to help and learn whatever is needed.',1,1),
 (218,'Cari','Perez','3625 N. Hall St., Ste. 1100','','Dallas','TX','75219','','2145205167','2149188398','cperez@moroch.com',17,8,1988,'','',1,1),
 (219,'Suzanne','Schmidtke','910 Woodcrest Drive','','Ennis','TX','75119','2142261188','','','suzanne.schmidtke@yahoo.com',21,10,1965,'Ferris Ave-Waxahachie','',1,1),
 (220,'Lavone','Kendrick','P.O. Box 612032','','Dallas','TX','75261','','','2624126999','altermese.kendrick@us.army.mil',21,2,1973,'New Church of the Living God','First Responders CERT - Certified',1,1),
 (221,'Elizmary ','Cyril','4210 Arbor Creek Drive','','Carrollton','TX','75010','','','2142401575','elizmarycyril@hotmail.com',22,1,1987,'St. Catherine of Siena','CPR and First Aid Certified',1,1),
 (254,'Kelley','Hill','20 Topsfield Rd','','Boxford','MA','01921','9788870138','','','kelley.hill@shire.com',2,5,1960,'','',0,1),
 (222,'Macy','Covington','15697 Miller Farm RD','','Forney','TX','75126','9725649618','','2148012023','sscmt5@yahoo.com',30,6,1995,'Wildwood Baptist Church','',1,1),
 (223,'Angela','Heidman','7401 Centenary Drive ','','Rowlett','TX','75089','9724123109','','2144151168','adh2370@gmail.com',3,2,1970,'Stillwater Community Church','',1,1),
 (224,'Sally','wilbanks','5124 Feather Crest','','McKinney','TX','75070','2145519527','','2145519527','sajoe1@att.net',18,10,1955,'','Nurse',0,1),
 (225,'Joel','Wilbanks','5124 Feather Crest','','McKinney','TX','75070','2145519525','','2145519525','sajoe1@att.net',27,5,1963,'First Baptist McKinney','',1,1),
 (226,'Stephanie','Laudenklos','1732 Quail Springs Circle','','Fort Worth','TX','76177','4029102790','','','stephml2104@gmail.com',4,1,1988,'','',0,1),
 (227,'Erica','Cyril','4210 Arbor Creek Drive','','Carrollton','TX','75010','9724921978','','','dpo.secretweapon@gmail.com',6,2,1989,'St. Catherine of Siena Catholic Church','',0,1),
 (228,'Pricilla','Hosein','1920 S. 3rd Apt. 40','','Waco','TX','76706','9724921978','','','pricilla_hosein@baylor.edu',9,7,1990,'','',0,1),
 (229,'Anna','Miller','511 Willow','','Forney','TX','75126','','','2149245191','anna.miller205@gmail.com',9,1,1990,'First Baptist Forney','',1,1),
 (230,'Laura','Kangiser','1211 Mackie Dr.','','Carrollton','TX','75007','2149297949','2149297949','2149297949','iceskate09@yahoo.com',4,6,1960,'','',0,1),
 (231,'Lindsay','Satterwhite-Preston','2502 Robinwood Lane','','Denton','TX','76209','9404537316','','','prestonwoodprek@gmail.com',3,6,1978,'','Certified teacher with skills in carpentry and yard work and volunteer experience with home-building in Juarez, Chih, Mexico.  Currently pregnant, which reduces physical ability, but still very able-bodied. Flexible schedule on Tuesday, Thursday and Saturday.',1,1),
 (232,'jared','reneau','2933 Jeremy Drive','','Mesquite','TX','75181','','','4693282436','jared.reneau@gmail.com',1,10,1985,'','Heavy lifting, yard work, clean up',1,1),
 (233,'Henry','Doss','1514 Weeping Willow Lane ','','Arlington ','TX','76002','','','2143952100','hank12675@yahoo.com',26,1,1975,'N/A','Can do clean up, or what ever is needed to help the community. ',1,1),
 (234,'Nicole','Neal','12521 Flanders Dr','','Frisco','TX','75034','2144078401','','7734153696','nicole.neal@us.mcd.com',17,3,1969,'Covenant Church - Carrollton','',1,1),
 (235,'Brandon','Harris','6401 Maple Ave','Apartment 2201','Dallas','TX','75235','9037808873','','','brandon.harris@utsouthwestern.edu',29,4,1987,'Trinity Catholic Church','I\\\'m a West Point Graduate so I\\\'m good a general labor, aka grunt work.  I\\\'m good with knots and and power tools.',1,1),
 (236,'Ron','Haras','924 Purcell','','Plano','TX','75025','','','4692869544','knghts.code@yahoo.com',10,8,1971,'','Helped out in Forney and would love to assist in Lancaster. Good for general labor and any other kind of assisstance I can provide.',1,1),
 (237,'Teresa','Schuster','2217 Hideaway Ln','','Quinlan','TX','75474','9038832723','','9032687184','ee_duo@yahoo.com',4,6,1976,'bsa crew22','',1,1),
 (238,'Margaret','Leck','8224 Storm Chaser Drive','','Fort Worth','TX','76131','','','6824594241','mmleck811@yahoo.com',23,3,1972,'Gateway Southlake','Can do anything to help and clean up debris, or help fix general household stuff. Also professional photographer. ',1,1),
 (239,'Jordon','Oliver','2339 Apollo way','','Mesquite ','TX','75051','','','2149160735','jojo052391@aol.com',23,5,1991,'','First aid certified but my card has not came in the mail yet ',1,1),
 (240,'Jack','Fox','105 Villanova Circle','','Forney','TX','75126','2142409121','','','rfox31@yahoo.com',5,11,1973,'Fellowship Forney','Construction, debris removal, physical labor',0,1),
 (241,'Trevor','Rubenstein','20115 Manor Road','','Excelsior','AA','55331','7206907681','7206907681','7206907681','trevorrubenstein@gmail.com',8,8,1974,'Calvary Solid Rock','The Lord has given me a love for people and I want to help any way possible.\r\nI actively share the gospel on a regular basis and have been blessed to pray with many people to accept Jesus now.\r\nI\\\\\\\'m in good shape and can do almost anything physically you could ask.\r\nI have helped with a couple natural disasters with churches in the past. \r\nApologetics\r\nOutreach\r\nCarpet\r\nex Network Administrator MCSE\r\nI would be blessed to help any way possible.\r\nAll the glory to Jesus,\r\n\r\nTrevor\r\n\r\np.s. I tried to change the dates on the next page but the interface wasn\\\'t working properly. I am available from the 7th through the 10th and maybe even longer. ',1,1),
 (242,'christian','webber','1217 gate ln dr','','mesquite','TX','75149','','','2146505044','nwebber33@gmail.com',8,10,1992,'','First aid certified just havent received card yet',1,1),
 (243,'Troy','Brock','520 Rock Hill Road','','Prosper','TX','75078','','','2148421009','troy.brock@suddenlink.net',25,3,1969,'Prosper UMC','Men with trucks and flat-bed trailers coming down this Saturday to help where needed',0,1),
 (244,'Nguyen','Lam','4606 Cedar Springs Rd Apt 1022','','Dallas','TX','75219','8326604045','8326604045','8326604045','Nguyen.Lam@utsouthwestern.edu',13,4,1986,'','Medical student',1,1),
 (245,'Norma','Morales','525 westchester pkwy 825','','Grand prairie ','TX','75052','4698787681','','','',14,8,1986,'','',1,1),
 (246,'Zainab','Farzal','13245 Box Elder Lane','','Frisco','TX','75035','','','4695839043','zainab.farzal@utsouthwestern.edu',5,9,1989,'','',0,1),
 (247,'Sonika','Momin','13245 Box Elder Lane','','Frisco','TX','75035','','','5122996367','sonika.momin@utsouthwestern.edu',20,4,1989,'','',0,1),
 (248,'Brizeida','Navas','2701 MacArthur blvr','','Lewisville','TX','75067','4695791629','','4695791629','britzynavas09@gmail.com',8,9,1991,'Gateway','',1,1),
 (249,'Sandeep ','Mehta','2140 Medical District Dr','Apt 2098','Dallas','TX','75235','','','2549311984','Sandeep.mehta357@gmail.com',21,1,1988,'','CPR',0,1),
 (250,'Jared','Morphew','5225 maple avenue Apartments','Apt. 5312','Dallas','TX','75235','','','9038267443','Morphew.jared@gmail.com',13,1,1989,'','',1,1),
 (251,'Rita','Pickrell','1102 Century Park Dr.','','Garland','TX','75040','','','9408820416','rita.1960@Yahoo.com',21,5,1960,'Shiloh Terrace','',1,1),
 (252,'Victoria','Hill','2509 Colby St','Apt 340','Dallas','TX','75201','9196022301','','','victoria.s.hill@gmail.com',3,9,1985,'','ACLS, 4th year medical student',0,1),
 (253,'Adam','Hill','20 Topsfield Rd','','Boxford','MA','01921','9788870138','','','adam.hill@novartis.com',27,8,1962,'','',0,1),
 (255,'Ryan','Martinez','','3024 Oxford Ct','Flower Mound ','TX','75028','8172174668','','','Prospectiverp@yahoo.com',6,10,1981,'','Demo and construction.  ',1,1),
 (256,'Katie','Daniel','4650 Cole Ave APT 208','','Dallas','TX','75205','8327246843','8327246843','8327246843','katiedaniel86@gmail.com',26,8,1986,'UTSW','',0,1),
 (257,'Keila & Ismael','Vieira','3700 Preston Rd #1227','','Plano','TX','75093','2149077325','','2149077341','krthieme@hotmail.com',27,4,1983,'Brazilian Christian Church','Carpenter, remodeling, woodwork in general',1,1),
 (258,'Carole','Russell','3210 Katy Court E.','','Midlothian','TX','76065','9727230493','','2142889589','jilol2me@sbcglobal.net',9,9,1943,'Gospel Lighthouse, Dallas','',1,1),
 (259,'Rene','Cundiff','3509 periwinkle ct','','Bedford','TX','76021','','','8172298351','Snrcundiff@hotmail.com',16,7,1967,'Gateway','',1,1),
 (260,'rob','clawson','3701 Grapevine Mills Parkway #1618','','Grapevine','TX','76051','','','5052059710','rob_clawson@hotmail.com',8,8,1957,'Gateway','Carpenter work, concrete work, layed block and brick, have done roofing, drywall yard, cleanup,chainsaw,towmotor, tractor, extensive phone skills leadership and team work.',1,1),
 (261,'kristina','kieu','3501 glenview way','','rowlett','TX','75089','','','2144128125','kristinakieu@yahoo.com',3,10,1993,'','I\\\'ve been part of Key Club for almost 3 years. I help the community every chance I get. I\\\'ve helped the retirement center, volunteered for Christensen\\\'s field day, etc',1,1),
 (262,'james','leck','8224 storm chaser dr','','fort worth','TX','76131','8172329599','','8178513707','jamesn5325@att.net',13,9,1962,'gateway','',1,1),
 (263,'Natalie','Traughber','1718 Vicksburg','','Sachse','TX','75048','9724141447','','4699555370','traughber5@yahoo.com',19,4,1996,'Stillwater Community Church','',1,1),
 (264,'Molly','Traughber','1718 Vicksburg','','Sachse','TX','75048','9724141447','','4699555370','traughber5@yahoo.com',6,5,1997,'Stillwater Community Church','',1,1),
 (265,'Casie','Eeds','14711 Overview Dr','','Dallas','TX','75254','','','2146160931','casie.eeds@gmail.com',18,6,1974,'Gateway Church Southlake','Have a big heart and working hands!  Want to do what I can to help!  Stay at home Mom...two boys that can help ages 6 and 10.  God bless and keep you.\r\nCasie Eeds',1,1),
 (266,'Crystal','Cardwell','1881 Airport Fwy Apt 214','','Euless ','TX','76040','','','8505272520','crystal.barfield@gmail.com',29,3,1983,'Gateway','',1,1),
 (267,'Lorena','Valle','540 S. Nolen ','','Southlake','TX','76092','8175523746','','','crisisrelief@gatewaypeople.com',20,8,1974,'Gateway Church','Crisis Relief Coordinator for Gateway Church',0,1),
 (268,'Alejandro','D\\\'Brot','6215 Richmond Avenue','','Dallas','AA','75214','8176948452','8176948452','8176948452','alex.dbrot@gmail.com',14,5,1984,'Antioch Community Church','PhD student, CPR',1,1),
 (269,'Tiffany','Reynolds','1313 Marina Dr.','','Irving','TX','75063','','','2146694988','tnr2013@yahoo.com',16,11,1994,'','I am open and willing to help with anything you need me to do.',1,1),
 (270,'Fran','Metoyer','8614 Columbia drive','','Rowlett','TX','75089','9724753244','','2149149967','gkmetoye@Yahoo.com',31,1,1948,'Sacred Heart Rowlett','I am strong and resource, do not want a sitting job',1,1),
 (271,'Blake','Cummons','1509 Parma Court','','Irving','TX','75060','','','2145439210','Cummons.blake@gmail.com',5,12,1990,'South MacArthur Church of Christ','',1,1),
 (272,'Gregory','Vaughn','673 Turtle Cove Blvd','','Rockwall','TX','75087','','','4697330154','gkmetoye@Yahoo.com',16,3,1989,'','Young and strong',1,1),
 (273,'Cindy ','Mccaw','404  Orchard hill drive','','Southlake','TX','76092','6825024368','','4074210825','Cindy. Mccaw@yahoo.com',12,7,1962,'Gateway church','Cleaning, able to help in anyway.',1,1),
 (274,'nickiey, brandon, barry, paul ','muise','3405 grayson ct','','hurst','TX','76054','','','8176586097','',19,7,1984,'Gateway NRH','PEOPLE!!! cleaning, building...spreading LOVE!! :)',1,1),
 (275,'nickiey','muise','3405 grayson ct','','hurst','TX','76054','','','8176586097','nickieymuise@yahoo.com',19,7,1984,'Gateway NRH','PEOPLE!! Cleaning! Building! ...spreading LOVE!!',1,1),
 (276,'Iana','Gaidarski','6951 Meadowbriar Lane','','Dallas','TX','75230','2144787707','2144787707','2144787707','igaidarski@smu.edu',4,7,89,'Park Cities Presbyterian','',1,1),
 (277,'Charisa','Arinyedokiari','9050 Markville Drive #735','','Dallas','TX','75243','7342555226','','','Charisa_R@hotmail.com',16,8,1982,'Richardson SDA Church','Would love to have a group of about 5 people also register and we can help with clean up, serving meals, stocking food, pretty much anything.  Particular interest in available opportunities for group to serve on Sundays, since most of individuals are working.  Please let me know soon what is available. God bless!',1,1),
 (278,'Jennifer','Lomax','1003 Redleaf Drive #2802','','Arlington','TX','76017','','','6824290536','jelynn111@live.com',19,9,1971,'New Bethel Assembly of God','Would be able to work in Arlington, Texas area\\\'s',1,1),
 (279,'Kathy','Kennedy','4450 Antietam','','Grand Prairie','TX','75052','','','2144346683','kakennedy7@yahoo.com',26,8,1952,'Crossroads Community Church','hard worker, care pastor, marketing for home health...can and will do whatever neccessary to help.',1,1),
 (280,'Brittany','Yarbrough','12405 Steel Wood Lane','','Rhome','TX','76078','','','8178631046','brittany.yarbrough@ymail.com',17,9,1985,'Gateway (Southlake campus)','BS Psychology\r\nCPR/AED\r\nExperience in social work, counseling/mediation, child care.',1,1),
 (281,'Brian','Phegley','9001 Haas Dr','','Fort Worth','TX','76244','8176292559','','','bpheg07@gmail.com',20,5,1979,'Gateway Church','None, but may be able to bring a couple other men along.',1,1),
 (282,'Kevin','Yarbrough','12405 Steel Wood Lane','','Rhome','TX','76078','','','8176374626','kevy2185@yahoo.com',21,2,1985,'Gateway (Southlake campus)','Licensed Investment Consultant\r\nExperience in finanacial planning',0,1),
 (283,'Dustin','Wells','777 I35E south','','Red Oak','TX','75154','2143768208','','','carestrategy@theoaksonline.org',11,11,1985,'The Oaks Fellowship','Community Engagement Pastor at The Oaks Fellowship.  Abundance of human resources',1,1),
 (284,'Alyssa ','Lubbeck','3206 Roundtree ln.','','Garland','TX','75044','','','2144483634','lyssalynn28@ymail.com',15,6,1997,'Still Water Community  Church ','Good with people.',1,1),
 (285,'Cristin','Chattha','9132 Tate Avenue','','Fort Worth','TX','76244','','','8177155541','cristinmorfin@yahoo.com',13,11,1983,'Gateway','Helping in any way :)',1,1),
 (286,'woody/dawn','lincoln','176 burnside','','north branch','MI','48461','','','8106022035','toolorg',23,12,1961,'lapeer assembly God','clean up construction equip serv heart here until sunday\r\nhusband and wife attend gateway church when in town and seen\r\nneed on web site',1,1),
 (287,'elliott','stephen','7805 shady oaks drive','','north richland hills','TX','76182','8174289078','','8179808738','elliott-stephen@att.net',16,9,54,' Life church  N. Richland Hills','',1,1),
 (288,'Kevin','Ezell','4813 Sycamore','Apt B','Dallas','TX','75204','2148212606','','','ksezell@copper.net',22,4,1965,'Antioch Dallas','Basic knowledge of plumbing, electrical, use of tools. ',1,1),
 (289,'Ben','Krieg','108 Ripplewood Cove','','Coppell','TX','75019','9723931480','','4693231283','bkrieg32@yahoo.com',1,7,1995,'','',1,1),
 (290,'Ashley','Artiaga','5505 springford circle #1611','','Keller ','TX','76244','','','6825576112','Xoqueenpnkxo@yahoocom',3,4,1984,'Gateway NRH','CPR, nursing ',1,1),
 (291,'Brett','Gilpatrick','5445 Preston Oaks Rd. Apt. 938','','Dallas','TX','75254','','','9036581735','tterb.g@gmail.com',3,8,1989,'Stillwater Community Church','',1,1),
 (292,'wendye','van housen','7408 chelmsford place','24','n.richland Hills','TX','76182','','','8173953905','mcwendye@juno.com',24,8,1962,'','I have a passion and heart for people. I would like to minister to people or help in whatever way I can.I can bring a meal or donate some water. I have a 17 yr. Old son who would help too. My heart wants to help others',1,1),
 (293,'Angela ','Caisse','1918 Hunters Ridge Drive','','Grapevine','TX','76051','8178452588','8174169366','8178452588','angelacaisse@aol.com',21,3,1961,'Fellowship','',1,1),
 (294,'Amanda','Doss','6409 San Marino Drive','','Rowlett','TX','75089','9724124040','','2529458711','amanda_doss2012@yahoo.com',1,12,1993,'Still Water Community Church','',1,1),
 (295,'Hannah','Heidman','7401 centenary','','Rowlett','TX','75089','','','2144151168','Heidmanfamily2@verizon.net',30,12,1996,'Stillwater community church','',1,1),
 (296,'Whitney','Liddle','13401 Annie Oakley Circle','Apt 735','Roanoke','TX','76262','8178083321','','','whital@hotmail.com',22,3,1988,'Irving Bible Church','',1,1),
 (297,'Jericho','Rodriguez','3148 chiesa rd','','Rowlett','TX','75088','2145669155','','2145669155','Rico482012@gmail.com',19,12,1994,'Still water community church','',1,1),
 (298,'Schuh','Andrew','452 Woodway Dr','','Coppell','TX','75019','9727452263','','','amyschuh@msn.com',7,10,95,'Irving Bible Church','Basic clean-up, moderate-weight lifting, distribution of materials.',0,1),
 (299,'Donald','Schuh','452 Woodway Drive','','Coppell','TX','75019','9727452263','','','deschuh@msn.com',28,1,1967,'Irving Bible Church','',1,1),
 (300,'Mary','Coffee','2712 Derby Court','','Southlake','TX','76092','','','2144992640','Maryanncoffee@yahoo.com',2,10,1961,'Gateway','',1,1),
 (301,'Robert','Keith','8536 NNeil Ct','','North Richland Hills','TX','76182','8175038227','','8176808890','krbrtlkth@aol.com',22,9,1958,'Gateway','Advanced First Aid, CPR, High Risk, Some Carpentry',1,1),
 (302,'Madison','Lohden','11974 Kingsville Drive','','Frisco','TX','75035','2145370207','','2145370207','madisonmadison88@aol.com',26,4,91,'Cottonwood creek baptist church ','I just love to help others.',1,1),
 (303,'Gale','Veach','6287 E. Pockrus Page Rd','','Denton','TX','76208','','','8178323056','gmveach@msn.com',10,7,1951,'Gateway in Southlake, TX','massage therapist, healthy, follows directions!',1,1),
 (304,'Rev. MaryLou','Pettis','231 Tickey Dr.','','Princeton','TX','75407','9728327446','','9728327446','maryloupettis@yahoo.com',25,12,1977,'NorthPlace Church','Certified Minister\r\nMissions Team Leader\r\n',1,1),
 (305,'Eli','Browning','801 John Peter Way','','Mesquite','TX','75149','','','2147274728','elielibrowning@yahoo.com',12,1,1985,'Ferndale Baptist Church','Army combat medic (EMT-B), FEMA contracted evacuation driver for disabled victims during Hurricanes Katrina, Rita and Dolly, in the process of a degree in Emergency Administration and Planning from UNT, Red Cross registered volunteer, years of various other independent and organization-based disaster volunteer work.  ',1,1),
 (306,'lori','Vincent','PO Box 83441','','Richardson','TX','75083','2147552816','','','lorivincent@aol.com',6,10,1964,'','Critical Incident Stress Management Certification\r\nAdvanced Critical Incident Stress Management/Family Counseling Certification\r\nMasters in Counseling\r\nFormer Teacher 10 years\r\nSouthwest Airlines Emergency Response Team\r\nCare Team - Go Team for EM Response Team\r\n',1,1),
 (676,'Kimberli','Burns','4516 Gilbert ave','','Dallas','TX','75219','','','2145287777','',10,12,1982,'pcpc','',0,1),
 (677,'Susan ','Burt','2345 Serenity','','Heath','TX','75032','','','9723429354','sburt@norwoodconsulting.com',22,4,1968,'First Baptist Rockwall','',1,1),
 (308,'Grace','Schmaltz','3020 Parkline Trail','','Grand Prairie','AA','75052','','','9726398906','graceschmaltz@yahoo.com',15,10,1993,'','',1,1),
 (309,'Heather','Morton','2708 Ferdinand','','Grand Prairie','TX','75054','8175397590','','','heathermorton@mhd.com',8,8,1972,'Gateway Church - Southlake','RN, TNCC, ACLS, ENPC, BLS',1,1),
 (310,'Cory','Kilpatrick','1514 Greywood','','Mesquite','TX','75149','','','2142401724','sgec85@gmail.com',2,6,1985,'','',1,1),
 (311,'Elisabeth','Merrill','6401 Maple Av','Apt 7016','Dallas','TX','75235','','','7133923961','emmerrill@gmail.com',27,6,1986,'St. Bartholomew, Episcopal Church, Hempstead, TX','BLS - Basic Life Support',1,1),
 (312,'Julia','Roark','818 Huebner Way','','Burleson','TX','76028','4159907302','2145245300','4159907302','juliaroark47@gmail.com',19,5,1947,'Church of Scientology, Dallas, TX','Red Cross, not current.',1,1),
 (313,'Patrick','Sanders','4226 Bass Pro Dr','','Garland','TX','75043','','','2146506440','ps30344@yahoo.com',14,2,1971,'','pick up debris',1,1),
 (314,'Regina Brazel','Brazel','421 Hackberry Dr','','Rockwall','TX','75087','4696007786','','','Reginabrazel@me.com',13,1,1975,'Oasis','Registered Nurse and I am certainly able to pick up debris.',1,1);
INSERT INTO `volunteers` (`volunteer_id`,`first_name`,`last_name`,`address1`,`address2`,`city`,`state`,`zip`,`home_phone`,`work_phone`,`cell_phone`,`email`,`dobDay`,`dobMonth`,`dobYear`,`home_church`,`skills_certs`,`mailing_list`,`agree_coc`) VALUES 
 (315,'Stephanie ','Patterson','413 Highview Cr','','Royse City','TX','75189','','9726359435','4692613223','Steph_c_patterson@hotmail.com',6,10,1975,'','',1,1),
 (316,'Leona','Clawson','279 State Hwy 49','','Jefferson','TX','75657','9036722789','','3184693807','leonaclawson@juno.com',11,12,2012,'New Life Assembly, Vivian, LA','Organizational, communication, provide food or meals',1,1),
 (699,'Jimmy','Hall','1011 Richmond','','Forney','TX','75126','','','2142824473','jchall0305@yahoo.com',24,8,1963,'St Martins','',1,1),
 (726,'Jeannette','Camacho-henriquez','513 Timberside dr','','Terrell','TX','75161','9729041708','','','jcamacho51184@yahoo.com',3,11,1977,'','',1,1),
 (720,'Jay','Hellwig','2660 Trinity Mills','','Carrollton','TX','75005','','','2145578755','jayhellwig@makeawaycharities.org',21,5,1967,'Covenant Church','',1,1),
 (318,'Tim','Herriage','1021 Cedar Glen Trail','','Heath','TX','75032','2147713022','2146071227','2146071227','tim@dfwinvestors.com',27,5,1978,'Lakepointe','EMT, Firefighter, Former Marine, Contractor',1,1),
 (319,'Nicole','Watson','139 Branding Iron Ct','','Royse City','TX','75189','9725510804','','2146627720','Watson-nicole@sbcglobal.net',16,4,1972,'LP','Paramedic, Girl Scout leader',1,1),
 (320,'Jessica','Tito','7608 Cornell Dr.','','Rowlett','TX','75088','','','2146861318','jessicalta79@yahoo.com',29,12,1979,'Lakepointe Rockwall','I helped last weekend w/ debris cleanup. I can also help with organizing donations if needed. I am available to help on Saturdays. ',1,1),
 (321,'Susan ','Stock','2720 Promenade  PLace','','Rockwall','TX','75087','9727729226','','8326930640','sdstock@sbcglobal.net',11,10,1950,'Lakeshore Church, Rockwall, TX','My Husband, Jim (James STock) are retired & are also Christian ministers ... we worked today with you in Forney, TX & plan to work tomorrow in Royce City with you... I\\\'m registering here to get your emails :)  ... absolutely LOVe what you do! In Him, Susan',1,1),
 (322,'James','Stock','2720 Promenade  PLace','','Rockwall','TX','75087','9727729226','','8326931693','sdstock@sbcglobal.net',7,6,1951,'Lakeshore Church, Rockwall, TX','We volunteered with you today in Forney ... plan to work tomorrow in ROyce city ... we are retired, have the time and are Christian ministers ... we want to be part of the great work you do... Registering here to receive your updates/emails :)',1,1),
 (323,'Cimarron','Mason','2495 W PR 2410  ','','Quinlan','TX','75474','9033356750','9033356750','9033356750','Cimarron_mason@yahoo.com',27,5,1974,'Citywide Harvest Church','Detail oriented. Heart to serve. Bookkeeper, and I\\\'ve been an office administrator for 20 years. I work full time in ministry helping pastors TRAIN their church leaders.  I am willing to help coordinate efforts between Hunt County Emergency services, Richard Hill, David Alexander, Kelly @ the RC Chamber, Ps. Robert Kennedy from Sabine Creek to get an Emergency Community Volunteer response plan for disaster relief. Lori at the Red Cross seid we need a LIST of service providers and volunteers, capabilities, and a list of those in need to connect the dots. I am committed for a long term project to ensure we have training, a plan for future occurrences, and to hopefully be an example to other rural counties that could benefit from such services if not already set up. Hunt County is willing to cooperate and would like a meeting with us.',1,1),
 (324,'Andy','Stavros','745 Shiprock Rd','','Frisco','TX','75034','','','8327886430','andy@stavroscompany.com',15,6,1977,'Genesis Metro - Frisco, TX','We have been on the ground and personally worked with Regina Brazell to organize a team for Saturday 4/14. We currently have 10-15 people already planning to go. Please reach out to confirm the need as soon as possible. My cell is 832 788 6430',1,1),
 (325,'Jason','Brazel','421 Hackeberry Dr.','','Rockwall','TX','75087','4696003341','','','Brazel.jb73@gmail.com',11,7,1973,'Oasis','Debris removal',1,1),
 (326,'Susan','Maley','344 Butternut Dr','','Rockwall','TX','75087','','','4693383027','sdmaley1971@yahoo.com',3,4,1971,'dont have one...but i need one :)','im a good and thorough cleaner :)',1,1),
 (327,'Frenzen','Donna','107 Salem Ct','','Lewisville','TX','75067','','','2142283271','donna.frenzen@hcahealthcare.com',11,11,74,'','Customer Service skills. Working with groups of people whether adults or children.  I have a high level of organization skills, multitasking, working under pressure and stress while remaining calm.  I am a people person. I can help out when and where needed.  ',1,1),
 (328,'Kimberly','Galdiano','1314 W. McDermott Suite 106 #533','','Allen','TX','75013','','','9727951216','kimberly.a.galdiano@verizon.com',7,10,1969,'Prestoncrest Church of Christ','Hard worker. (I actually have a group of about 15 that will be coming Wed afternoon.)',1,1),
 (329,'Deborah','Weyandt','5435 Gaston Ave','#102','Dallas','TX','75214','','','2142134345','deb_luvs_jesus@yahoo.com',7,5,1987,'','Childcare, CPR, computer/Internet, including Microsoft Word',1,1),
 (330,'katelyn','fritz','1186 blackland rd.','','royse city','TX','75189','4697233131','','','kayti.kiki@yahoo.com',8,4,1992,'','',1,1),
 (331,'Terry','Fritz','1186 Blackland Road','','Royse City','TX','75189','4697233131','','','',23,10,1959,'','Can do a little of everything',1,1),
 (332,'Shannon','Smith','1201 Resaca Dr.','','Frisco','TX','75033','2145782796','','','shannon.smith@sbcglobal.net',31,7,1969,'Genesis Metro Church Frisco','Cleaning, cooking, childcare, organization, teaching, general physical labor',1,1),
 (721,'Jason','Helms','524 Appaloosa','','Forney','TX','75126','0000000000','','','',8,4,1980,'','',0,1),
 (704,'Samantha','Hamilton','10375 Country View ln','','Forney','TX','75126','','','2145383740','samantha.hamilton@mavs.uta.edu',3,11,1988,'Lake Pointe Rockwall','',1,1),
 (334,'Tammy ','Williamson','902 Bald Cypress','','Rockwall','TX','75087','','','9728418308','dtpbwilliamson@yahoo.com',16,11,1971,'','',1,1),
 (335,'Laura','Weber','8664 TN Skiles Road','','Ponder','TX','76259','','','3152120439','laura@thelydiacompany.com',18,8,1961,'Abundant Life Church','Skills: Administration,Teaching, light labor work.\r\nCertifications: First Responder, Incident Command, HAZWOPER\r\nWilling to assist with disaster relief work from 4/3 storms.\r\n',1,1),
 (336,'Christina','Trevino','5331 E. Mockingbird Lane','','Dallas','TX','75206','9567539955','9567539955','9567637403','christina.trev@gmail.com',1,10,1986,'','CPR Certified',1,1),
 (337,'Amber','Gossett','105 Weston Drive','','Royse City','TX','75189','2145853978','2142108414','2145853978','agossett@excoresources.com',3,5,1977,'Ridgeview Church in Rockwall','I am the main contact with a company called EXCO Resources.  We sent a group of 8 volunteers out yesterday with Regina and had a great time.  We\\\'d like to send more on a weekly or twice a week basis!  I will have each person sign up here but Regina mentioned that she told you I was the contact.  If you could contact me with dates starting with this Friday, going forward, I will gather a team for you each time and send them your way!  Thank you!!!!',1,1),
 (338,'Susan','Wrobbel','1154 Sicily Drive','','Garland','TX','75040','','9723673513','','swrobbel@excoresources.com',28,8,1959,'Central Lutheran','I work for EXCO Resources - Amber Gossett is our cntact person',1,1),
 (339,'Tiffany','Chennault','6541 Shady Brook Lane','#3309','Dallas','TX','75206','','','2148646449','tchennault@excoresources.com',5,8,1984,'','Work at EXCO Resources.\r\nContact: Amber Gossett',1,1),
 (340,'Laura','Whitter','2529 Rivercrest Dr','','Dallas','TX','75228','','2147063465','','lwhitter@excoresources.com',11,7,1958,'n/a','Work for EXCO Resources - Amber Gossett Contact 214-368-2084 X10614',1,1),
 (341,'Kay','Zimmermankayz','8664 T. N. Skiles ','','Ponder','TX','76259','','','8178005542','Lazykzimmerman@gmail.com',4,5,1950,'Denton Community Church','Clean-up, some contracting skills, 2 willing hands and a strong back.',1,1),
 (342,'Dina','Cioffre','113 Cole','','Forney','TX','75126','','','2144589652','dcioffre@excoresources.com',6,9,1976,'Fellowship Forney','I work for EXCO Resources and our contact is Amber Gossett.',1,1),
 (343,'Floyd','Crawford','8002 GLENVIEW WAY','','ROWLETT','TX','75089','','2144381354','','fcrawford@excoresources.com',9,7,1953,'','',1,1),
 (344,'Kristen','Hodge','12377 MERIT DR. SUITE 1700','','DALLAS','TX','75251','','9722010793','','khodge@EXCOResources.com',22,7,1987,'','I work for EXCO Resources and Amber Gossett is our contact. Her email is agossett@EXCOResources.com and her phone number is 214-368-2084 x10614.',1,1),
 (345,'Kevin','Geiger','812 lullaby Lane','','McKinney','TX','75070','9727467744','2143682084','','kgeiger@excoresources.com',11,5,1978,'St. Andrew\\\'s Episcopal Church, McKinney, TX','I work for EXCO Resources and please contact Amber Gossett for any volunteer opportunities.',1,1),
 (346,'Kim','Aymond','827 Orian Dr.','','Mesquite','TX','75181','','2147063371','2149140875','kaymond@excoresources.com',10,4,1974,'','EXCO Resources, Inc. employee - Amber Gossett contact',1,1),
 (347,'Karen','Evans','1408 HUNTINGTON DR','','RICHARDSON','TX','75080','','2147063494','9729510238','karenevans112@gmail.com',23,4,1963,'Fellowship Bible Church Dallas','',1,1),
 (348,'Rory','Evans','1408 HUNTINGTON DR','','RICHARDSON','TX','75080','','','2087553635','RORY972@GMAIL.COM',11,10,1960,'FELLOWSHIP BIBLE CHURCH DALLAS','MECHANIC, CERTIFIED TO DO SPIRITUAL AND EMOTIONAL COUNSELING.  OWNS LOTS OF TOOLS. ',1,1),
 (349,'St','Beck','12500 Merit Drive','','Dallas','TX','75251','2143682084','','','smbeck@excoresources.com',29,9,1985,'','EXCO Resources:  Amber Gossett (agossett@EXCOResources.com)',1,1),
 (350,'Cena','Hassanian','15777 quorum','apartment 1105','addison','TX','75001','8323745800','','','Chassanian@excoresoures.com',9,4,1986,'','',1,1),
 (351,'Tyrell','Clark','205 S. Church St.','','Prosper','TX','75071','','','9703964258','tyrellclark4@gmail.com',9,8,81,'Prosper United Methodist Church','Clean up, build, CPR and First Aid certified. Heavy machinery, move things, forklift. My personal skills.\r\n\r\nI am the youth director and my group is looking to come help this Saturday 4/14. Around 5 people to help. ',0,1),
 (352,'Mindy','Minor','1404 Tad Street','','Ennis','TX','75119','','','2142067585','mminor@excoresources.com',5,1,1980,'','With EXCO Resources, Amber Gossett is my contact!  Thanks!',1,1),
 (353,'Brent','Jones','2813 dog leg trail','','McKinney','TX','75069','2145527871','2145527871','2145527871','bjones75069@tx.rr.com',15,3,1968,'n/a','???',0,1),
 (354,'Sharon','Perez','4125 Swiss Ave','#217','Dallas','TX','75204','','','2149238766','perez0532@gmail.com',16,5,1991,'','Speak Spanish fluently, EMT-B trained',1,1),
 (355,'Julie','Sanders','523 Brazos','','Forney','TX','75126','4692261504','','','jjsanders1961@yahoo.com',24,2,1961,'','Admin. Blackland/Royse City Disaster Relief Site on Facebbok and roysecity/recovers.org',1,1),
 (356,'Becky','Wright','6440 Stonewater Bend Trail','','Ft Worth','TX','76179','9494134183','','','beckyw427@yahoo.com',27,4,1952,'Gateway ','Bi-lingual',1,1),
 (357,'Hart ','Clawson','279 Hwy  49E','','Jefferson ','TX','75657','9036722789','9036725190','3184695903','hartclawson@yahoo.com',11,11,1960,'New Life A/G Vivian, LA','Chaplaincy, meal prep, cooking, backhoe, trackhoe, truck driving,  Light work.   \r\n(i\\\'m not as young as i once was).  ',1,1),
 (358,'Melissa ','Mcatee','2737 Club Ridge Drive','','Lewisville','TX','75067','','','4692356459','melissazmeskal@yahoo.com',25,7,1979,'Fellowship Church - Grapevine','EXCO Resources, Inc. - Contact: Amber Gossett',1,1),
 (359,'Judy','Abbott','6502 Prestige Ct.','','Rowlett','TX','75089','','','214-502-37','',19,5,1968,'','',1,0),
 (360,'Chris','Abell','8524 CR 214','','Forney','TX','75126','','','903-3400-2','',21,4,1982,'','',0,1),
 (361,'Garrett','Abell','10801 Eagle Center Dr.','','Fort Worth','TX','76126','','','817-682-66','fireriderx@yahoo.com',16,10,1996,'','',1,1),
 (362,'Jessica','Aceytuno','2023 Colorado Bend Dr.','','Forney','TX','75126','','','805-368-27','cmjessica@gmail.com',19,1,1975,'Mustang Creek Community','',1,1),
 (363,'Adam','Bryant','787 Gold Camp Rd.','','Frisco','TX','75033','','','972-512-28','adam_bryant@homedepot.com',24,3,1974,'Bent Tree Bible Fellowship','',1,1),
 (364,'Ericka','Adams','313  Aspenwood Trails','','Forney','TX','75126','','','469-682-18','',15,1,1976,'Mt. Olive Church','',1,1),
 (365,'Dale','Adams','301 S. 11th Street','','Garland','TX','75040','','','000-000-00','',3,5,1973,'','',1,0),
 (366,'Chrissy','Adams','117 Stampede Trail','','Forney','TX','75126','','','214-557-20','divemom30@yahoo.com',25,12,1973,'C-Life','',1,1),
 (812,'Monica','Weaver','8016 Tulane dr','','Rowlett','TX','75088','4692230114','','','angelkisses95ta@yahoo.com',26,1,1981,'','',1,1),
 (368,'Maddie','Adam','414 Carl C Senter','','Forney','TX','75126','','','214-460-12','maddie_adam@ahoo.com',12,12,1995,'','Mom also signed contract',1,1),
 (369,'Blake','Adam','414 Carl C Senter','','Forney','TX','75126','','','972-748-35','',5,3,1994,'Fellowship','',1,1),
 (370,'Chase','Adams','117 Stampede','','Forney','TX','75126','','','214-629-22','chase_adams1@yahoo.com',22,1,1994,'C-Life','',1,1),
 (371,'Trevor','Adama','1110 Singletree Dr.','','Forney','TX','75126','','','972-571-84','tank54p2k@yahoo.com',31,5,1995,'C-Life','',1,1),
 (372,'Haden ','Adams','1110 Singletree Dr.','','Forney','TX','75126','','','972-571-84','hadenadams21@yahoo.com',21,1,1997,'','Parent signed contract',1,1),
 (373,'Cheri','Akers','103 Virginia','','Forney','TX','75126','','','214-236-98','cheriakers@sbcglobal.net',24,8,1968,'C-Life','',1,1),
 (374,'Norma ','Adkins','684 Allen Rd.','','Coppell','TX','75019','','','972-489-77','nadkins@verizon.net',8,12,1955,'Fellowship-Grapevine','',1,1),
 (375,'Lori','Akins','518 Thunder Trail','','Forney','TX','75126','','','903-649-22','loriakins1@netzero.com',2,3,1974,'Fellowship','',1,1),
 (376,'Lance','Akins','518 Thunder Trail','','Forney','TX','75126','','','903-649-22','',11,9,2005,'Fellowship','mom signed contract',0,1),
 (377,'Ethan','Akins','518 Thunder Trail','','Forney','TX','75126','','','214-709-38','',25,8,2001,'Fellowship','mom signed contract',0,1),
 (378,'Brooke','Akin','106 E. Fork Rd.','','Sunnyvale','TX','75182','','','214-957-57','akinbrooke33@yahoo.com',16,5,1994,'First Assembly/Mesquite','mom signed contracr',0,1),
 (379,'Megan','Akin','106 East Fork','','Sunnyvale','TX','75126','','','972-955-04','mayvanna12@yahoo.com',19,9,1992,'Shiloh Terrace','',1,1),
 (380,'Rosibal','Alcantara','9427 Tara Ln.','','Dallas','TX','75217','','','469-420-87','rosibela05@gmail.com',19,1,1992,'North Mesquite Assembly of God','',1,1),
 (381,'Jo Ann ','Alexander','632 Tumbleweed Dr.','','Forney','TX','75123','','','510-860-87','',4,7,1948,'Greater Corner Stone','',1,1),
 (382,'Detra','Alexander','632 Tumbleweed Dr.','','Forney','TX','75123','','','000-000-00','',5,3,1971,'Greater Corner Stone','DID NOT SIGN CONTRACT!!!!!!!',1,0),
 (383,'Tiffany ','Alexander','101 Haley Dr.','','Royse City','TX','75189','','','972-977-55','tiffwhit19@yahoo.com',20,4,1983,'Lake Pointe/Rockwall','',1,1),
 (384,'Tyler ','Allen','500 Redbud Lane','','Forney','TX','75126','','','469-744-77','godzila1236@gmail.com',25,4,1946,'C-Life','',1,1),
 (385,'Reese','Allen','6320 Genoa Rd.','','Ft. Worth','TX','76116','','','817-880-38','blackbeltguy1998@sbcglobal.net',30,12,1998,'Mckinney Memorial Bible Church','Parent or guardian did not sign contract',1,1),
 (386,'Deborah','Allen','6320 Genoa Rd.','','Ft. Worth','TX','76116','','','817-690-49','fwjagster@sbcglobal.net',18,5,1963,'Mckinney Memorial Bible Church','',0,1),
 (387,'Matthew','Allen','222 Colgate','','Forney','TX','75126','','','214-536-54','mallen@oftexas.org',31,1,1979,'','',1,1),
 (388,'Chrissy','Allman','126 Weston Ct.','','Rockwall','TX','75032','','','469-231-27','chrisstallman@yahoo.com',16,1,1980,'Lake Pointe/Rockwall','',1,1),
 (389,'Kevin','Alston','113 LaCosta Ct.','','Garland','TX','75044','','','214-616-55','kevinalston1@verizon.net',12,6,1951,'First Methodist Church','',1,1),
 (390,'Mike ','Amos','312 Bluffview','','Forney','TX','75126','','','972-310-18','mdamos1@gmail.com',5,2,1971,'','',0,1),
 (391,'Kristen ','Amos','312 Bluffview Ct.','','Forney','TX','75126','','','972-310-18','',0,0,1975,'','',1,1),
 (392,'Paul','Anas','4668 Thanksgiving Lane','','Plano','TX','75024','','','214-843-42','jenvin11878@gmail.com',18,1,1978,'ELC','',1,1),
 (393,'Kate','Anderson','1028 VZCR 3825','','Wills Point','TX','75169','','','000-000-00','',14,12,1985,'','',0,1),
 (394,'Kim','Anderson','5 Clements Ct.','','Heath','TX','75032','','','214-212-36','kimmey@cnextplus.com',22,10,1964,'Our Lady of the Lake','',1,1),
 (395,'Doug ','Anderson','2705 Lakewood Lane','','Carrollton','TX','75006','','','972-342-64','douga@covenantchurch.org',29,11,1955,'Covenant Church','',1,1),
 (396,'Andrew','Antonakes','323 Fairway Dr.','','Willow Park','TX','76087','','','817-308-74','andrewsa1115@aol.com',15,11,1995,'New River Fellowship','no parent or guardian signature',1,1),
 (397,'Arlene','Aradanas','1300 Eldorado Pkwy. #1512','','Mckinney','TX','75069','','','214-995-10','arlene.espinosa@yahoo.com',1,5,1961,'St. Gabriel','',1,1),
 (398,'Christina','Argumanue','413 Woodcrest Way','','Forney','TX','75126','','','000-000-00','',10,1,1997,'','parent/guardian signed',0,1),
 (399,'Stephanie','Armendariz','8817 Par Five Dr.','','Crandall','TX','75114','','','214-401-10','stephaniearmendariz@hotmail.com',8,5,1980,'Central Bible Church','',1,1),
 (400,'Brian ','Arnold','1004 Windsor Lane','','Forney','TX','75126','','','214-875-34','aliciaanevada@yahoo.com',15,9,1996,'Free Life Church','no parent/guardian signature',1,1),
 (401,'Rick','Arthur','822 Shallowater Dr.','','Allen','TX','75013','','','469-831-59','richard-arthur@homedepot.com',2,1,1952,'','',1,1),
 (402,'Donna ','Ashby','10696 Meadowbrook Blvd.','','Forney','TX','75126','','','214-546-08','donna@ashbyprinting.com',26,11,1064,'First United Methodist','',1,1),
 (403,'Kirsten','Ashwood','10430 Countryview Ln.','','Forney','TX','75126','','','214-274-30','blondist_brunett@yahoo.com',27,6,1992,'','',1,1),
 (404,'Tonya','Ashwood','10430 Countryview Ln.','','Forney','TX','75126','','','214-734-42','charlie-5-30@yahoo.com',26,5,1973,'','',1,1),
 (405,'Mike','Ashwood','10430 Countryview Ln.','','forney','TX','75126','','','972-564-29','mike@forneymartialarts.com',28,2,1974,'','',1,1),
 (406,'Cody','Atchley','1103 Mount Olive','','Forney','TX','75126','','','469-632-23','',26,3,1998,'','parent/guardian signed contract',0,1),
 (407,'Norman & Dianne','Jones','185 N Woodland Trail','','Double Oak','TX','75077','8174303569','','','jonesn8@verizon.net',4,10,1945,'Grace Community Assembly of God','Dianne\\\'s BD - 07-11-1947\r\nGeneral homeowner skills. No professional experience.\r\nWillingness to do whatever we can to help with clean-up and repair.',1,1),
 (408,'Kerri','Carter','325 Tejas Trail','','Royse City','TX','75189','','','9728219135','kerricarter_13@yahoo.com',15,4,1982,'First Baptist Church of Wylie','',1,1),
 (409,'Stefani','Dunn','PO Box 875','','Royse City','TX','75189','9034562368','9035684711','','sdunn@celesteinsurance.com',26,4,1972,'','',1,1),
 (410,'Austin','Young','PO Box 875','','Royse City','TX','75189','9034562368','','','fontay95@yahoo.com',19,9,1995,'','Stefani Dunn is my mom who volunteered.',1,1),
 (411,'Christi','Adams','115 River Chase Blvd','','Georgetown','TX','78628','','','5126308330','catamsu@gmail.com',10,5,1957,'None','CISM trained, CERT trained, Ham radio tech license,CPR trained',1,1),
 (412,'Cande','Culverhouse','723 Redbud Dr','','Forney','TX','75126','','','000-0000','',15,5,1979,'','',0,1),
 (413,'Matt','Bagley','1613 Martel Ave','','Ft Worth','TX','76103','','','not applic','maineman@gmail.com',30,3,1971,'none','none',0,1),
 (739,'Josh','Herriage','1010 Winchester','','Forney','TX','75126','','','2144351917','josh.herriage12@yahoo.com',31,3,1995,'C-Life','',1,1),
 (705,'Jamie','Hamilton','10375 Country View','','Forney','TX','75126','','','2148039282','jgsjhamilton@aol.com',15,9,1966,'St Matthews Anglican Dallas','',1,1),
 (416,'Norma','Camancho','529 Kings Creek Dr','','Terrell','TX','75161','','','972-904-17','',0,0,0,'','',1,1),
 (417,'Tyler','Bailer','348 Perch Rd','','Rockwall','TX','75032','','','951-837-69','komittedclothingorg@live.com',11,8,1989,'Lake Point','Emergency contact is Amanda Edwards @ 951-837-6941.  Heard about R&R watched tornado at work in Forney',1,1),
 (418,'Camille','Barbosa','1014 Springwood Drive','','Saginaw','TX','76179','','','817-805-04','cammy.barbosa@yahoo.com',0,0,0,'','No DOB provided',1,1),
 (738,'Reyna','Herrera','407 Blanco st','','Duncanville','TX','75137','','','4697355157','queenvara@yahoo.com',2,7,1978,'Santa Clara','',1,1),
 (698,'Elizabeth','Hall','106 E Bowie','','Forney','TX','75126','','','2149267976','elizabethhall1995@gmail.com',13,4,1995,'Rockwall Church of Christ','',1,1),
 (421,'Danny','Bailey','PO Box 427','2403 Farr St.','Caddo Mills','TX','75135','','','903-461-86','',15,8,1949,'Highland Terrace','Heard about R&R from Home Depot',1,1),
 (422,'Jim','Canada','3332 kendall Ln','','Irving','TX','75062','','','972-979-43','jimc@pogueconstruction.com',13,8,1948,'','',1,1),
 (423,'Dalan','Box','1426 Fairfield Dr','','Forney','TX','75126','','','000-000-00','',27,6,2006,'','parent\\\'s signature provided',0,1),
 (735,'Duane','Hernandez','11205 Harvest rd','','Balch Springs','TX','75180','','','2146227534','roscato1@live.com',1,11,1961,'','',1,1),
 (425,'William','Baird','3248 Buckingham','Apt D','Garland','TX','75042','','','817-944-62','',9,1,1961,'','',1,1),
 (426,'Jessica','Hall','221 State Hwy 179','','Teague','TX','75860','','','903-879-24','tjhall042406@yahoo.com',20,3,1984,'First Baptist Church - Teague','',1,1),
 (428,'Courtney','Capener','519 Woodcrest Way','','Forney','TX','75126','','','972-898-22','cinnabon_skye16',6,12,1994,'','',1,0),
 (429,'Matthew','Baker','715 Azalea Dr.','','Forney','TX','75126','','','214-577-71','mabaker131@yahoo.com',11,7,1986,'FUMC Forney','',0,1),
 (430,'Doug','Hall','2921 Jeremy Drive','','Mesquite','TX','75181','','','469-446-08','dhall@qwikcouriers.com',16,6,1961,'c|Life Forney','',1,1),
 (431,'Robin','Caperton','1211 Warrington Way','','Forney','TX','75126','','','903-461-48','rcaperton@yahoo.com',26,8,1963,'','',1,0),
 (696,'Jessica','Hail','2214 ST Hwy 179','','Teague','TX','75860','','','9038792414','tjhall042406@yahoo.com',20,3,1984,'First Baptist Teague','',1,1),
 (433,'Mary','Baker','1026 Dancing Waters','','Dancing Water','TX','75126','','','214-908-84','bossybaker@aol.com',9,3,1956,'First United Methodist Church','',1,1),
 (736,'Todd','Herndon','143 Stoneleigh dr','','Heath','TX','75032','','','9727629262','',17,8,1989,'','',0,1),
 (737,'Jose','Herrera','407 Blanco st','','Duncanville','TX','75137','','','4697355157','queenvara@yahoo.com',17,7,1996,'Santa Clara','signed by parent',1,1),
 (435,'Ronald','Boyd','12722 Glenwood Trails','','Forney','TX','75126','','','214-766-05','boydrd@classicnet.net',27,6,1955,'','',1,1),
 (436,'Lisa Michelle','Baker','947 Haines Rd','','Combine','TX','75159','','','972-815-30','',19,5,1968,'Southside Baptist Kadmind','',1,1),
 (438,'Hugh','Athanas','2516 Indian Hills','','Plano','TX','75075','','','214-229-85','',27,7,1963,'','',1,1),
 (439,'Yvette','Capetillo','11912 Gonzales Dr','','Frisco','TX','75035','','','469-777-07','yvettecapetiillo@rocketmail.com',12,1,1986,'Elevate Life Church','',1,1),
 (440,'Kate','Bradham','2900 Drake Ct','','McKinney','TX','75070','','','214-536-63','katharine.bradham@forneyisd.net',19,5,1979,'','',1,1),
 (441,'Johnny','Baker','502 E. Church St.','','Forney','TX','75126','','','972-571-03','jsbkri@yahoo.com',26,5,1964,'','',0,1),
 (442,'Alison','Carey','5504','','The Colony','TX','75056','','','972-741-30','eyecaredeeply@aol.com',4,9,1959,'','',1,1),
 (443,'Rance','Austin','206 Bouise st.','','forney','TX','75126','','','214-663-59','',12,7,1988,'','',1,1),
 (444,'Lauren','Brandon','19136 FM 740','','Forney','TX','75126','','','214-664-07','laurenhullett@gmail.com',18,1,1982,'New Community of Mesquite','',0,1),
 (445,'Kevin','Baldwin','2724 Stallion Drive','','Little Elm','TX','75068','','','972-369-26','kevin@statemedical.info',18,12,1978,'Elevate Life Church','Emergency contact - Kelly Baldwin @ 972-369-2688',1,1),
 (446,'Joanne','Carley','105 Freedom Trail','','Forney','TX','75126','','','000-0000','',27,7,1949,'','',1,1),
 (447,'Kiwi','Authers','1920 grassmere ln.','','mckinney','TX','75142','','','000-000-00','',31,10,1987,'','Did not have vlounteer info sheet',0,1),
 (693,'Lisa','Hagar','12708 Seagull Way','','Frisco','TX','75034','','','9403001415','lisahagar@aol.com',27,11,1982,'Fellowship Church Grapevine','',1,1),
 (449,'Kelly','Baldwin','2724 Stallion Drive','','Little Elm','TX','75068','','','972-369-26','kevnkelb@yahoo.com',1,12,1977,'Elevate Life','Emergency contact - Kevin Baldwin @ 972-369-2699',1,1),
 (733,'Christina','Hernandez','1935 Cutler dr','','Mesquite','TX','75149','','','2143008608','christina3144@sbcglobal.net',7,6,1969,'St Pius Church','',1,1),
 (450,'Chris','Avalas','120 settlers trail','','mckinney','TX','75069','','','972-363-96','',31,1,1951,'','',0,1),
 (451,'Kim','Carney','414 Carl C. Senter','','Forney','TX','75126','','','214-543-35','kdcar27@yahoo.com',13,8,1972,'','',0,1),
 (692,'Mark','Burns','512 UZ Co rd','','Wills Point','TX','75169','','','2142326579','no email listed',4,3,1959,'Church of Christ','',0,1),
 (453,'Brian','Ballard','907 Emerson Dr.','','Allen','TX','75002','','','972-971-91','brian@minntemonresponse.org',14,9,1966,'Covenant McKinney','',1,1),
 (454,'Tony','Halsey','101 E. US Hwy 80','','Forney','TX','75126','','','000-000-00','teamhalsey@gmail.com',12,4,1977,'','',1,1),
 (725,'Bianca','Hendrix','13288 County rd 236','','Terrell','TX','75160','','','0000000000','',2,9,1987,'','',0,1),
 (456,'Al','Aybar','1204 hampton dr.','','forney','TX','75126','','','4695565379','lilaybar14@yahoo.com',3,3,1995,'c-life','',1,0),
 (457,'Jeana','Ballard','1414 Lochsprings','','Rockwall','TX','75032','','','214-213-30','',19,8,1967,'Lake Point','',1,1),
 (458,'Colby','Carney','1011 grimes Dr','','Forney','TX','75126','','','972-322-63','Carney.Colby@yahoo.com',9,3,94,'','',1,1),
 (459,'Haley','Breazeale','228 Starlight Dr','','Forney','TX','75126','','','214-455-96','hrbreeze3@yahoo.com',5,6,1993,'Fellowship Baptist','',1,1),
 (460,'Brian','Halvorsen','202 Freedom Trail','','Forney','TX','75126','','','469-744-43','brian.halvorsen@gmail.com',7,12,1961,'FUMC','',1,1),
 (722,'Jennifer','Helms','524 Appaloosa','','Forney','TX','75126','9729789108','','','helmsforney@yahoo.com',13,4,1980,'','',1,1),
 (463,'Malaina','Brewer','717 Kedbud Dr','','Forney','TX','75126','','','469-474-41','butterflygurl6913@yahoo.com',17,11,1982,'Abundant Life of Garland','',1,1),
 (464,'Trevor','Danielson','108 lovers lane  #12','','terrell','TX','75160','','','2147091498','tddan@att.net',17,5,1991,'','',0,1),
 (465,'Audra','Carr','153 Wandering Dr.','','Forney','TX','75126','','','469-446-50','acarr@carrci,com',15,7,1970,'Forney 1st United methodist','',1,1),
 (466,'Robert','Barr','216 Tangle Dr.','','Tool','TX','75143','','','214-536-71','rbarrretired@hotmail.com',18,1,1942,'Cedar Creek Church','',0,1),
 (467,'Tuesday','Hambric','9166 Homestead Lane','','Forney','TX','75126','','','214-394-33','tshambric@gmail.com',11,12,1971,'Mesquite Friendship Baptist Church','',1,1),
 (468,'James','Brice','1206 Buckingham Dr','','Forney','TX','75126','','','469-474-54','JamesBrice30@yahoo.com',23,3,1978,'','',0,1),
 (469,'Sean','Daugherty','6110 duckcreek dr.','','garland','TX','75043','','','2148302985','sean_daugherty45@yahoo.com',30,5,1978,'','',0,1),
 (470,'Cheryl','Barr','216 Tangle Dr.','','Tool','TX','75143','','','214-536-50','rbarrretired@hotmail.com',28,11,1943,'Cedar Creek Church of God','',0,1),
 (732,'Ricardo','Hernandez','254 Fox Hollow','','Forney','TX','75126','','','2145379216','richhern35@gmail.com',0,0,0,'LDS','',1,1),
 (472,'Tony','Cartee','1023 Wandering Ln','','Forney ','TX','75126','','','469-554-17','t5cartee@hotmail.com',19,12,83,'','',0,1),
 (473,'Nick','Barr','1122 Tosch','','Mesquite','TX','75149','','','214-207-41','nickbarr33@gmail.com',11,12,1985,'','',0,1),
 (717,'Jeremy','Hedgeman','1000 Lauren Crt','','Forney','TX','75126','','','0000000000','',13,10,1993,'','',0,1),
 (718,'Hirmelda','Hedges','11300 Jennifer cir','','Forney','TX','75126','','','2145781934','hirmyhedges@yahoo.com',3,12,1970,'','',0,1),
 (475,'Marti','Daum','13447 reeder rd.','','forney','TX','75126','','','2146864055','wilmarti@hughes.net',28,6,1945,'First presbyterian of forney','',1,1),
 (476,'David','Carter','7109 Fieldstore','','Frisco','TX','75034','','','361-876-96','Carter08DWC@gmail.com',17,5,1990,'','',1,1),
 (477,'Joel','Barron','6626 Highgate Ln','','Dallas','TX','75214','','','214-770-24','joel.barron@homedepot.com',12,12,1977,'','',0,1),
 (478,'Danielle','Darisse','751 burr oak','','lewisville','TX','75067','','','2149346668','danidarisse@gmail.com',22,5,1993,'','',1,0),
 (479,'Erin','Briggs','519 Woodcrest Way','','Forney','TX','75126','','','469-474-98','ebriggs71@yahoo.com',1,9,1995,'','',1,1),
 (719,'Maisee','Heinen','16390 Red Bud','','Frisco','TX','75071','','','2146211570','miss_maisee@yahoo.com',26,9,1994,'Elevate Life','',0,1),
 (481,'Mike','Bartis','243 Hound Hollow','','Forney','TX','75126','','','214-534-08','mkbortis@yahoo.com',20,2,1978,'Fellowship Forney','',1,1),
 (734,'Juan','Hernandez','3828 Gillespie','','Carrollton','TX','75010','','','2145974244','',12,7,1971,'St Anns Catholic','',1,1),
 (483,'Sara','Davies','321 harbor landing dr.','','rockwall','TX','75032','','','8606703421','sararachel1@gmail.com',10,6,1983,'our lady of the lake/rockwall','',1,1),
 (702,'Phillip','Hamberlin','2004 Cross Cut dr','','Forney','TX','75126','','','9729771702','philliphamberlin@yahoo.com',15,1,1983,'','',1,1),
 (485,'Tony ','Cash Ii','1210 Wedgewood','','Forney','TX','75126','','','469-285-44','tcash48@gmail.com',9,3,1981,'','',0,1),
 (486,'Melanie','Davis','10101 wilson','','forney','TX','75126','','','2149570800','mdavis38@suddenlink.net',30,4,1978,'','',1,1),
 (487,'Ted','Brinkley','8610 Southwestern Blvd','#1302','Dallas','TX','75206','','','469-867-48','ted-brinkley@hotmail.com',31,12,1972,'Northwest Bible Church','',1,1),
 (488,'Wade','Baskin','1442 Lakeview Dr.','','St. Paul','TX','75098','','','214-207-61','wtbaskin@yahoo.com',12,10,1972,'First Baptist Church of Wylie','Heard about R&R from Forney FCA',1,1),
 (489,'Bobby','Hampton','222 Starlight Drive','','Forney','TX','75126','','','469-995-48','',18,6,1968,'Fellowship Baptist Church Forney','',1,1),
 (490,'Tony','Cash','1210 Wedgewood Dr','','Forney','TX','75126','','','972-825-66','tonyandteresacash@gmail.com',19,2,1961,'','',1,1),
 (491,'Jennifer','Brinkley','9084 CR 213A','','Forney','TX','75126','','','214-598-48','jenann091381@yahoo.com',13,9,1981,'Abundant Life Church','',1,1),
 (493,'Heather','Davis','18471 fm 986','','Poetry','TX','75160','','','2146635335','',30,5,1973,'','',1,1),
 (494,'Toni','Bates','526 Appaloosa','','Forney','TX','75126','','','469-426-64','lebates2001@yahoo.com',16,10,1980,'Lake Pointe','',0,1),
 (495,'Lori','Cash','11729 Nicole Lane','','Forney','TX','75126','','','972-839-79','lmcash@suudenlink.net',18,4,68,'','',1,1),
 (496,'Kellie','Hanpole','5003 Windy Meadow Drive','','Plano','TX','75023','','','214-449-91','',2,11,1967,'','',0,1),
 (497,'Brittany','Brooks','1011 Cottontail Dr','','Forney','TX','75126','','','214-773-72','brittanybrookss@yahoo.com',13,12,1996,'Fellowship','Parent\\\'s signature provided',1,1),
 (498,'Henry','Beck','969 Mcdonald Rd.','','Rockwall','TX','75032','','','469-834-98','hbeck@madixinc.com',10,10,1952,'','',0,1),
 (499,'Bryan','Day','327 celia cr.','','Wylie','TX','75098','','','2142876885','',18,4,1983,'','',1,1),
 (500,'Jeff','Brooks','2939 Daniel Ave','','Dallas','TX','75205','','','214-460-27','jbrooks@erdman.com',28,2,1974,'','',1,1),
 (501,'Bobby','Casillas Sr.','16674 Co.rd 221','','Forney','TX','75126','','','214-909-06','',26,2,1956,'','',1,1),
 (502,'Jane','Hanson','1605C Black Duck Terrace','','Carrollton','TX','75010','','','214-212-78','sassy321tx@yahoo.com',25,7,1959,'Northwest','',1,1),
 (503,'Joey','Hanson','9345 Twin Creeks','','Anna','TX','75409','','','469-396-87','jhanson2007@yahoo.com',4,4,1959,'First Baptist Church Melissa','',1,1),
 (504,'Patricia','Day','880 S. Coit Rd','','Prosper','TX','75078','','','6236870570','day5033@sbcglobal.net',2,6,1962,'','',1,1),
 (505,'Carol','Beeny','1915 Glenmore Dr.','','Allen','TX','00000','','','214-250-23','texasbeens@yahoo.com',25,7,1949,'Church of Scientology in Irving, TX','',1,1),
 (727,'Lori','Hensley','180 Central ave','','Wellsboro','PA','16901','','','5704048416','llaing38@yahoo.com',9,10,1964,'First Baptist Church PA','',1,1),
 (507,'Misty','Brooks','523 Willow','','Forney','TX','75126','','','214-478-90','Misty@Gardner100.com',26,2,1977,'M. C. C. C.','',1,1),
 (508,'Osualdo','Cataneda','10941 S FM 548','','Royse City','TX','75189','','','214-837-25','OCFrame@hotmail.com',17,10,1969,'New Vision Church','',1,1),
 (509,'Amy','Hardman','524 Southlake Drive','','Forney','TX','75126','','','214-577-09','amyhardman@sbcglobal.net',21,5,1976,'Pathway of Life','',1,1),
 (510,'Chandra','Dealesandro','12436 saddle club','','Forney','TX','75126','','','2142762696','cjfitdiva@aol.com',12,5,1966,'','',1,1),
 (511,'Michael','Beers','2009 Jasmine Ct','','Forney','TX','75126','','','214-206-56','mike.beers@mecitconsulting.com',26,2,1973,'Fellowship Forney','',1,1),
 (512,'Melina','Castro','2763 Franklin Dr','Apt #2213','Mesquite','TX','75150','','','214-705-40','CMelina99@yahoo.com',16,7,93,'Semilla De Vida','',1,1),
 (682,'Stormi','Butler','1135  Lone Star Blvd','','Terrell','TX','75160','','','2144053321','stormi.butler@yahoo.com',30,9,1993,'C-Life','',1,1),
 (514,'Taylor','Beers','1006 Comfort Dr.','','Forney','TX','75126','','','214-502-31','taylorbeers13@g04mail.com',13,4,1994,'Fellowship Forney','',1,0),
 (515,'Toni','Hare','16408 Rolling Hills Lane','','Forney','TX','75126','','','972-832-58','',26,11,1955,'Mimosa Lane Baptist Church','',1,1),
 (680,'Amy','Butler','408 High Meadow ln','','Heath','TX','75032','','','2147639614','amybutler0306@gmail.com',6,3,1971,'Lake Pointe Rockwall','',0,1),
 (517,'Rodolfo','Castro','1560 E. Miller','APT 104','Garland','TX','75041','','','214-695-65','rdcastro007@gmail.com',15,12,61,'Stillwater Community Church','',1,1),
 (518,'Allison','Begin','2013 Cardinal Dr.','','Forney','TX','75126','','','214-454-78','louis.gegin@whco.com',20,7,2005,'St. Martin','guardian signed for minor',1,1),
 (678,'Tracy','Burton','2038 Times','','Heartland','TX','75126','','','4694749593','tracyburton1965@aol.com',18,7,1965,'C-Life','',1,1),
 (728,'Todd','Henter','603 Tumbleweed','','Forney','TX','75126','','','4694746505','tdh0033@untiedu',28,7,1984,'Mission Church','',0,1),
 (521,'Jeremy','Harrell','P.O. Box 62','','Grand Saline','TX','75140','','','903-330-89','ibhtwin10@yahoo.com',27,4,1981,'Mineola Church of Christ','',0,1),
 (522,'Collin','Catherwood','1412','Sandalwood Dr','mesquite','TX','75181','','','480-729-19','collincatherwood@yahoo.com',8,10,1991,'','',0,1),
 (523,'Julie','Begin','215 Cardinal Dr.','','Forney','TX','75126','','','469-476-82','julesby@aol.com',20,7,2005,'St. Martin','guardian signed for minor',0,1),
 (524,'Nancy','Harris','500 Southlake Drive','','Forney','TX','75126','','','214-415-08','ncakachachi_24@yahoo.com',4,6,1980,'Lawson Road Baptist Church','',1,1),
 (724,'Kelly','Hendershott','208 Rambling way','','Forney','TX','75126','2149082413','','','kelly.rn.2003@gmail.com',22,2,1971,'','',0,1),
 (526,'Austin','Begin','2013 Cardinal Dr.','','Forney','TX','75126','','','0000000000','',8,12,2000,'','guardian signed for minor',0,1),
 (527,'David','Cavanaugh','1044 Empire Ct','','Forney','TX','75126','','','972-965-84','DavidJcav@Gmail.com',4,10,1988,'MCC','',1,1),
 (528,'Louis','Begin','214-454-7862','','Forney','TX','75126','','','214-454-78','louis.begin@whco.com',28,1,1969,'St Martin','',1,1),
 (529,'Brittany','Brown','5193 N FM 148','','Crandall','TX','75114','','','469-632-61','',17,8,1996,'Talty Baptist','parent\\\'s signature provided',0,1),
 (530,'Mackenzie','Harris','4720 Vintage Lane # 214','','Plano','TX','75024','','','972-467-88','crossroadsgrl83@yahoo.com',0,0,1999,'FC Grapevine','Mom Kelly Harris has own sheet - brought daughter Mackenzie Harris',1,0),
 (531,'Paula ','Cawthon','6051','Ellis Lane ','Kaufman','TX','75142','','','469-595-10','pjdf80@yahoo.com',9,4,53,'Calvary Baptist Kaufman','',1,1),
 (532,'Dj','Belieny','5945 W. Parker Rd, #1922','','Plano','TX','75093','','','617-402-00','djbelieny@gmail.com',11,6,1979,'Fellowship Church - Plano Campus','',1,1),
 (533,'Jose','Cerrito','2535 Providence Ln','','Dallas','TX','75228','','','214-870-06','',18,10,86,'NONE','',0,1),
 (534,'Carissa','Bell','613 Rock Brook Dr.','','Forney','TX','75126','','','469-236-02','cbell1221@yahoo.com',20,11,1987,'Mission Church','',1,1),
 (535,'Tamara','Brown','1012 Utopia Ln','','Forney','TX','75126','','','214-668-32','lastoryweaver@yahoo.com',21,10,1972,'Church of Jesus Christ of Latter Day Saints','',1,1),
 (536,'Kelly','Harris','4720 Vintage Lane # 214','','Plano','TX','75024','','','972-467-88','crossroadsgrl83@yahoo.com',23,10,1970,'FC Grapevine','brought 13 year old daughter Mackenzie Harris with her',1,1),
 (714,'Kim','Hawton','8829 Holly st','','Frisco','TX','75034','','','2144991984','kimhawton@yahoo.com',21,9,1987,'Elevate Life','',0,1),
 (715,'Garland','Haynes','3301 Waterpark dr','','Wylie','TX','75098','','','9724001727','garland_haynes@homedepot.com',15,9,1966,'N.E. Bible Church','',1,1),
 (538,'Shelley','Chadwick','503 Thunder Trail','','Forney','TX','75126','','','469-474-84','ShelleyC3@gmail.com',5,2,1966,'Fellowship ','',1,1),
 (539,'Chuck','Bell','1016 N. Rogers Rd.','','Irving','TX','75061','','','972-815-51','chuckrbelle@gmail.com',21,5,1955,'Church of Scientology','',1,1),
 (540,'Demetrice','Brown','9801 Waterview Pkwy','','Rowlett','TX','75089','','','469-358-88','Newravia09@yahoo.com',30,9,1964,'North Dallas Bible Fellowship','',1,1),
 (541,'Carolyn','Chandler','506 Wolf Dr.','','Forney','TX','75126','','','469-363-15','',3,9,1939,'','',1,1),
 (542,'Bob','Harris','9756 Highland Prarie','','Forney','TX','75126-9547','','','972-552-32','',27,8,1928,'','',0,1),
 (543,'Jacob','Bell','310 VZCR 1210','','Canton','TX','75103','','','469-338-73','',16,5,1978,'Heritage Trail Cowboy Church','',1,1),
 (544,'Dena','Harrison','207 S. Center Street','','Forney','TX','75126','','','972-333-59','dena317@yahoo.com',17,3,1967,'Trinity Family Church','',1,1),
 (723,'Jacob','Hempstead','1004 Chelsea','','Forney','TX','75126','2146638311','','','firefighterjah86@gmail.com',27,7,1986,'Lake Pointe','',1,1),
 (546,'Stephanie','Chavez','17110 Lake Ray Hubbard','','Forney','TX','75126','','','469-286-91','Chavez Forney@yahoo.com',23,8,1974,'','',1,1),
 (547,'Leonard','Brown','205 Patriot Pkwy','','Forney','TX','75126','','','708-280-68','leonardbrown2001@yahoo.com',7,9,1960,'','',1,1),
 (548,'Jonathan','Bell','613 Rockbrook Dr.','','Forney','TX','75126','','','469-360-97','jbellmca@yahoo.com',30,1,1985,'Mission Church','',1,1),
 (549,'Amanda','Harrison','329 Bowie','','Forney','TX','75126','','','469-261-54','amanda.jenkins6@us.army.mil',4,1,1986,'First United Methodist','',1,1),
 (551,'Travis','Harrison','2075 Center','','Forney','TX','75126','','','972-333-59','',27,1,1997,'Trinity Family Church','',1,1),
 (553,'Doug ','Cheek','2104 Birch Bend ','','Mesquite ','TX','75181','','','972-261-63','d-cheek@ti.com',2,8,1960,'Clife Forney','',1,1),
 (554,'Nathan','Bell','912 Concord St.','','Forney','TX','75126','','','214-995-72','bell.nathan@gmail.com',9,8,1994,'Fellowship Baptist Church','',1,1),
 (555,'Richard','Harrison','329 Bowie','','Forney','TX','75126','','','469-263-31','hlouis29@yahoo.com',20,7,1984,'','',1,1),
 (556,'Sarah','Browning','801 John Peter Way','','Mesquite','TX','75149','','','972-979-83','slbrowningatx@gmail.com',15,3,1989,'','',1,1),
 (557,'David','Belt','113 Brook Hollow Lane','','Red Oak','TX','75154','','','214-949-22','dbelt@newcommunity.com',8,6,1990,'New Community Church','',1,1),
 (558,'Ed','Hart','205 Vickie Drive','','Seagoville','TX','75159','','','000-000-00','edwinhart51@hotmail.com',8,1,1959,'','',1,1),
 (559,'Kelly','Brunner','1420 Cool Springs Dr','','Mesquite','TX','75081','','','214-516-52','tkbrunner@hotmail.com',24,10,1964,'New Community Church - Mesquite','',1,1),
 (731,'Manuel','Hernandez','1406 Fairfield dr','','Forney','TX','75126','','','2144028383','mhernandez101@yahoo.com',25,8,1975,'','',0,1),
 (561,'Michelle','Hassinger','7693 FM 513 S','','Lone Oak','TX','75453','','','972-834-63','therealmdr@verizon.net',7,2,1979,'Church of Scientology','',1,1),
 (562,'Julie','Bennett','2100 Sumer Dr.','','Forney','TX','75126','','','214-682-56','jujubennett2000@yahoo.com',24,9,1973,'Lake Pointe Forney','',0,1),
 (563,'Dane','Hatch','251 Hound Hollow Road','','Forney','TX','75126','','','469-474-85','hatchdane@yahoo.com',25,1,1975,'Church of Jesus Christ of Latter Day Saints','',1,1),
 (564,'Steven','Budahelyn','1229 McDonald','','Garland','TX','75041','','','972-533-08','sbudahelyi@yahoo.com',3,8,1970,'Crist United Methodist Church','',1,1),
 (565,'Victoria','Bennett','2002 Moonlight Trl','','Heartland','TX','75126','','','972-978-91','landnerd007@rocketmail.com',3,12,1995,'Robinwood Baptist Church','',1,1),
 (566,'Curtis','Hatherly','5620 S. Colony Blvd. # 435','','The Colony','TX','75056','','','214-240-45','',23,4,1962,'Prince of Peace Lutheran Carrollton','',1,1),
 (729,'Amberly','Herbertson','618 Carl C. Senter','','Forney','TX','75126','','','9727483395','homeyk727@aol.com',5,2,1988,'','',1,1),
 (568,'Chase','Budenhagen','1414 Lochsprings','','Rockwall','TX','75032','','','000-000-00','',17,10,1997,'Lake Point','parent signature provided',0,1),
 (569,'Pat','Houghey','316 Bowie','','Forney','TX','75126','','','972-564-24','pahaughey@att.net',7,10,1938,'First Baptist Forney','',0,1),
 (570,'Santiago','Bernardez','880 s. coit','','Prosper','TX','75078','','','7725591020','',4,8,1973,'','no email listed',0,1),
 (571,'Steve','Norcross','923 Concord Street','','Forney','TX','75126','','','2149341402','steve.elaine@att.net',28,3,1962,'Lakeshore Community Chruch','Cook. Not a short order cook, but good for group meals.',1,1),
 (572,'Leslie','Berrios','2008 cadinal','','Forney','TX','75126','','','7872093314','berriosleslie1@yahoo.com',13,8,1976,'','',0,1),
 (573,'Josh','Betts','11384 prairie lake ln','','Forney','TX','75126','','','2147247352','',29,12,93,'First Baptist','no email listed',1,1),
 (574,'Kamie','Billops','1309 Highspire dr','','Forney','TX','75126','','','2144154939','kfisher009@yahoo.com',3,10,1976,'Zion Apostolic Temple','',1,1),
 (575,'Jack','Birdsong','446 English','','Rockwall','TX','75032','','','2142126135','jackb@birdsongelectric.com',20,7,1946,'','',1,1),
 (576,'Jimmy','Black','10098 w. dublin','','Forney','TX','75126','','','2142808476','jimmy.d.black@gmail.com',22,4,59,'First Baptist Forney','',0,1),
 (577,'Chris','Black','6530 Virginia Pkwy','','Mckinney','TX','75071','','','2148649591','beefus72@yahoo.com',29,3,1980,'ELC','',1,1),
 (578,'Heather','Blakely','1072 w. secretariat','','Talty','TX','75160','','','9728989747','hrbl2308@yahoo.com',10,7,1990,'First Baptist Forney','',1,1),
 (579,'Michael','Blank','6956 Lavendale','','Dallas','TX','75230','','','2142367297','mblank27@gmail.com',5,11,48,'Covenant Church Carrollton','',1,1),
 (580,'Ivon','Blas','2113 willond','','Mckinney','TX','75078','','','2147735157','miami2625@sbcglobal.net',20,11,1972,'','',0,1),
 (581,'Taylor','Blodgett','11409 s emerald ranch','','Forney','TX','75126','','','2145543163','taylor-blodgett@yahoo.com',25,11,1993,'Rafter J Cowboy Church','',1,1),
 (582,'Mark','Blum','4608 Coney island dr','','Frisco','TX','75034','','','8582487747','markb@elevatelife.com',31,8,1962,'Elevate Life Church','',1,1),
 (583,'Christine','Bodin','536 meadow ln','','Forney','TX','75126','','','2142050034','cbodin3@gmail.com',25,4,1985,'C-Life','under 18 not signed by parent',1,1),
 (584,'Jennifer','Boehme','924 High ridge','','Forney','TX','75126','','','9723657055','jenniferwamu@sbcglobal.net',28,5,1974,'','',0,1),
 (585,'Corliss','Boettcher','917 hillrise dr','','Mesquite','TX','75149','','','2149525563','cbnavy1432000@yahoo.com',3,12,1964,'New Community Church','',1,1),
 (586,'Wayne','Boggs','208 rambling way','','Forney','TX','75126','','','2149082414','',9,10,1946,'','no email listed',0,1),
 (587,'Jonathan','Bonde','2041 wellington point','','Heartland','TX','75126','','','8175055636','catchjb@gmail.com',24,4,1967,'','',1,1),
 (588,'Gregg','Boots','5141 terrace view ln','','Plano','TX','75093','','','9729352175','gboots@sbcglobal.net',28,12,1954,'Prestonwood Baptist','',1,1),
 (589,'Baylor','Borbee','4246 cole ave # 203','','Dallas','TX','75205','','','3257358355','baylor@baylorborbee.com',14,12,1981,'Trinity Dallas','',0,1),
 (590,'Eric','Bounds','3616 bluejay blvd','','Mesquite','TX','75181','','','9729656295','ebounds28@gmail.com',10,5,1984,'Christian Center of Mesquite','',1,1),
 (591,'Tracy','Baskin','1442 lakeview dr','','St. Paul','TX','75098','','','2145070775','tebits7@gmail.com',0,0,0,'Wylie First Baptist','no D.O.B. listed',0,1),
 (592,'Kevin','Bedford','2333 Twilight star dr','','Little Elm','TX','75068','','','2144554326','bedroc4@yahoo.com',17,9,1969,'Elevate Life Church','',1,1),
 (593,'Rhonda','Debok','5606 Yacht Club','','Rockwall','TX','75032','','','602-320-04','rdebok@live.com',12,7,1950,'Our of the Lake/Rockwall','',1,1),
 (594,'Darrell','Decker','9022 Douglas Circle','','Terrell','TX','75160','','','9729224642','darrell.decker64@gmail.com',3,10,1964,'','',1,1),
 (595,'Sherry','Delatorre','3111 Morton Vale','','Plane','TX','75074','','','000-000-00','',7,6,1957,'','Did not fill out Volunteer info sheet',0,1),
 (596,'Gina','Delatorres','9829 Stonehall Lane','','Forney','TX','75126','','','469-371-89','madelatorres02@yahoo.com',19,3,1972,'','',1,1),
 (597,'Al','Delossantos','1605 Marsh Ln. # 402','','Carrollton','TX','75006','','','972-841-23','',12,2,1960,'Covenant Church','',1,1),
 (598,'Janet','Dempsey','1001','','Forney','TX','75126','','','214-695-87','jsd18@aol.com',15,7,1980,'Lake Pointe','',1,1),
 (599,'Kimberly','Denmark','5700 Industrial Dr. #6211','','Greenville','TX','75401','','','9032594984','kimd_tave@yahoo.com',14,12,1979,'','',1,1),
 (600,'Devon','Hendrix','3441 Continental Dr.','','Frisco','TX','75034','','','2147551553','d.hendrix@tcu.edu',9,11,1990,'ELC','',1,1),
 (601,'Danielle ','Deyonker','2600 nClear Spring #403','','Richardson','TX','75082','','','9729711540','d.deyonker010@gmail.com',16,4,1991,'Crossroads/Rowlett','',1,1),
 (602,'Sharon','Dickens','4409 Lake Hill Dr.','','Rowlett','TX','75089','','','9727681083','spdicken@garlandisd.net',12,11,1949,'Lake Pointe/Rockwall','',1,1),
 (603,'Shelby','Dickerson','254 W. Angeline','','Groesbeck','TX','76642','','','2547160660','sdicke@groesbeck.gaggle.net',2,7,1996,'','parent/guardian signed',0,1),
 (604,'Angela','Diermeier','105 Parade Pt.','','Rockwall','TX','75032','','','000-000-00','',17,8,1974,'','Did not fill out volunteer info form',0,1),
 (605,'Brandy','Dobbs','401 Crestview','','Forney','TX','75126','','','4696886983','brandydobbs@yahoo.com',7,1,1978,'FBC/Forney','',0,1),
 (606,'Tye','Dobbs','105 Parade Pt.','','Rockwall','TX','75032','','','7038016090','ty.a.dobbs@hotmail.com',3,10,1995,'','parent/guardian signed',1,1),
 (607,'Zach','Dobbs','105 parade pt','','rockwall','TX','75032','','','000-000-00','',22,11,1998,'','parent/guardian signed\r\nvolunteer info sheet not filled out',0,1),
 (608,'Carey','Donihoo','917 Alpine St.','','Forney','TX','75126','','','2147961417','careydonihoo@swbell.net',3,2,1962,'','',1,1),
 (609,'Todd','Donohue','130 Cassandra Dr.','','Forney','TX','75126','','','2147341117','donohuet@yahoo.com',23,9,1973,'','',0,1),
 (610,'Rita','Disspain','605 Azalea Dr.','','Forney','TX','75126','','','4696884170','texrita@yahoo.com',0,0,0,'','no volunteer contract',1,0),
 (611,'Jonathan','Douglas','701 McClendon Walker Rd.','','Aledo','TX','76008','','','8173140194','jhdouglas340@yahoo.com',30,4,1993,'','',0,1),
 (612,'Bailey','Dowdy','108 lonesome dove','','Forney','TX','75126','','','9726741109','',14,4,1993,'','',1,1),
 (613,'Shelby','Drinning','10849 CR4083','','Scurry','TX','75158','','','2145663566','shelbydrinning@yahoo.com',9,4,1992,'','',1,1),
 (614,'Leah','Dugan','12320 IH 20','','Canton','TX','75103','','','9033852273','le_dugan@yahoo.com',10,8,1989,'','',1,1),
 (615,'Maddy ','Dumond','1509 Ector Cr.','','Mesquite','TX','75150','','','2144384712','tex-gurl-14@yahoo.com',21,2,1992,'','',0,1),
 (616,'Angela','Dunlap','204 S. Chestnut St.','','Forney','TX','75126','','','9377251685','bagel2mommie@yahoo.com',22,5,1975,'Lake Pointe/Rockwall','',1,1),
 (617,'Marla','Dunn','17110 Lake Ray Hubbard Dr.','','Forney','TX','75126','','','4692542739','',0,0,0,'','no birthdate',1,1),
 (618,'Susan','Dunne','4448 Chaha #104','','Garland','TX','75032','','','2149803549','susancogbill@yahoo.com',29,4,1962,'New Hope','',1,1),
 (619,'Jay','Dunston','2600 Eastglen Blvd.','','Mesquite','TX','75181','','','4023015488','jdunston@newcommunity.com',29,9,1989,'New Community Church','',1,1),
 (620,'Nathan','Duphssey','607 Orchard Ln.','','Forney','TX','75126','','','2145059559','nathanduphssey@yahoo.com',14,5,1991,'','',1,1),
 (621,'Raymond','Duran','1727 Buena Vista','','Mesquite','TX','75149','','','000-000-00','',31,10,1940,'Devine Mercy Church','',1,1),
 (622,'Taylor','Durham','p.o. box 505','','Forney','TX','75160','','','4692350834','tdurham29@yahoo.com',12,2,1996,'','',1,1),
 (623,'Trevor','Dutton','10775 Old Military Trail','','Forney','TX','75126','','','4696482785','',17,9,1993,'','',0,1),
 (624,'Stephen','Dryden','2604 Shorecrest Dr.','','Little Elm','TX','75068','','','2147179248','stephendryden@me.com',15,6,1984,'Elevate Life Church','',1,1),
 (625,'Robert','Dwyer','5201 Par Dr. #1226','','Denton','TX','76208','','','9403008006','robertdwyer79@gmail.com',26,2,1960,'','',0,1),
 (626,'Justin','Easley','120 Waldrum Rd.','','Combine','TX','75159','','','2146228858','',15,6,1993,'Point View','',1,1),
 (627,'James','Eastman','1114 longhornLn.','','Forney','TX','75126','','','2144608087','jameseeastman@yahoo.com',14,3,1952,'','',1,1),
 (628,'Bass','Easton','1000 Amelia Brook Dr','','Allen','TX','75002','','','000-000-00','',0,0,0,'','volunteer info sheet nmissing,,,,no birthdate',0,1),
 (629,'Julie','Eckert','2300 Therrell Way','','Mckinney','TX','75070','','','2147893200','julie_a_eckert@homedepot.com',15,6,1966,'Legacy','',0,1),
 (630,'Charlene','Edmondson','14682 Old Garshen Rd','','Eustace','TX','75124','','','000-000-00','rdonchar@yahoo.com',22,11,1943,'Cedar Creek Church of God','',1,1),
 (631,'Carl Don','Edmondson','14682 Old Goshen Rd.','','Eustace','TX','75124','','','9032754404','rdonchar@yahoo.com',0,0,0,'','no birthdate',1,1),
 (632,'Jeremia','Edwards','2016 Preston Trail','','Forney','TX','75126','','','9727621994','jeremiaedwards@gmail.com',31,12,1994,'MCCC','parent/guardian signature rec\\\'d',1,1),
 (633,'Mike','Egelin','8908 Thompson Dr.','','Lantana','TX','76226','','','4696939504','michaelegelin@hpcv.com',22,11,1981,'Valley Creek','',1,1),
 (634,'Andrew','Bowlby','1108 warrington way','','Forney','TX','75126','','','2145003963','',7,9,1993,'','email address incomplete',0,1),
 (635,'Aquila','Bowlby','1108 warrington way','','Forney','TX','75126','','','2143543826','momof3boys32@aol.com',14,7,1968,'First Baptist Forney','',1,1),
 (636,'Kristy','Box','1426 fairfield','','Forney','TX','75126','','','9728048828','krisbarronbox@yahoo.com',29,11,1982,'First Baptist Forney','',1,1),
 (637,'Ann','Boyd','311 drew ln','','Heath','TX','75032','','','2148509588','abbe293@yahoo.com',28,1,1958,'Lake Pointe Rockwall','',0,1),
 (695,'Tom','Halbrook','309 Olivia ln','','Anna','TX','75409','','','2146412897','jmshalbrooks@yahoo.com',17,9,1971,'','',1,1),
 (694,'Melody','Hail','3 Wiltshire Ct','','Heath','TX','75032','','','2142322891','melodyhail@rockwallhelpinghands.com',15,7,1969,'Lake Pointe Rockwall','',1,1),
 (641,'Jeanola','Branen','14124 cimarron','','Balch Springs','TX','75180','','','2147536851','jeanola.jb@gmail.com',24,11,1986,'','',1,1),
 (691,'Susan','Burley','502 N Houston st','','Edgewood','TX','75117','','','9032580403','sbburley518@yahoo.com',18,5,1955,'Driven Life Church Canton','',1,1),
 (689,'Tina','Burchett','11076 CR 212','','Forney','TX','75126','','','4695694921','bellesmom625@yahoo.com',22,12,1975,'First Baptist Forney','',1,1),
 (688,'Michael','Burchans','909 Concord','','Forney','TX','75126','','','4696934982','geist1134@yahoo.com',0,0,0,'','no volunteer agreement attached ',1,0),
 (647,'Kevin','Briggs','519 woodcrest way','','Forney','TX','75126','','','9728982276','kbriggs69@gmail.com',7,12,1966,'','',1,1),
 (690,'Craig','Burgan','309 Bayberry','','Forney','TX','75126','','','9724896759','burgancasa@sbcglobal.net',17,11,1971,'','',1,1),
 (687,'Clinton','Byrd','2820 Rodeo dr','','Quinlan','TX','75474','','','2147731457','cbyrd@rowlett.com',27,9,1984,'Wills Pointe International Outreach','',1,1),
 (683,'Victoria','Butler','525 Kathy dr','','Mesquite','TX','75149','','','2147048108','torriebutler@rocketmail.com',13,4,1992,'','',1,1),
 (684,'Bob','Butt','117 citaton dr','','Cresson','TX','76035','','','9512833953','bobut102@gmail.com',16,7,1946,'','',0,1),
 (685,'Paul','Budenhagen','1414 Lochsprings','','Rockwall','TX','75032','','','0001112222','',22,9,1997,'Lake Pointe','',0,1),
 (653,'Brittney','Brookshire','500 flower st','','Seagoville','TX','75159','','','2148011023','britt17982@yahoo.com',2,9,1991,'','',1,1),
 (654,'Charity','Brower','102 hackberry trail','','Forney','TX','75126','','','9726933862','brower102@sbcglobal.net',12,3,1974,'Cornerstone Baptist of Mesquite','',1,1),
 (655,'Dan ','Brower','102 hackberry','','Forney','TX','75126','','','9726933862','brower102@sbcglobal.net',18,8,1973,'Cornerstone Baptist Mesquite','',1,1),
 (656,'Mark','Lovato','1141 Tracy Lane','','Lancaster','TX','75134','','','9728416766','marklovato@sbcglobal.net',26,2,1962,'The Promise Church','Lead Teams\r\nRun Equipmen\r\nSpiritual Counseling',1,1),
 (657,'Vern ','Ehly','2109 Sumac Dr.','','Forney','TX','75126','','','2142089514','',9,6,1951,'St. Mark Lutheran Church','',1,1),
 (658,'Jason','Ehrenberg','1606 Warrington Way','','Forney','TX','75126','','','2146813613','jason.ehrenberg@gmail.com',18,10,1981,'First Methodist','',1,1),
 (659,'Kathy','Eley','4047 Town Crossing Blvd. #701','','Mesquite','TX','75150','','','2145876094','mimi101252@yahoo.com',12,10,1952,'','',0,1),
 (660,'Tom','Elliott','2102 Oak Meadow Circle','','Garlane','TX','75040','','','2144024142','tomdelliott@gmail.com',2,12,1957,'','',1,1),
 (661,'Kallie','Ellsworth','1104 E. Remington Park','','Terrell','TX','75160','','','9724002401','kallie.elsworth@gmail.com',20,9,1994,'First Baptist','parent/guardian signature rec\\\'d',1,1),
 (662,'Anne','Enloe','1309 Canary Lane','','Forney','TX','75126','','','4694741593','anneenloe@gmail.com',31,7,1957,'St. John','',1,1),
 (663,'Kellie','Erdman','10211 Helms Trail','','Forney','TX','75126','','','2145725917','kerdmanz@highlandsloan.com',13,12,1970,'','',1,1),
 (664,'Edgar','Escalante','1315 Buckingham Pl.','','Richardson','TX','75081','','','000-000-00','',12,7,1984,'','volunteer info sheet blank',0,1),
 (665,'Claudia','Essien','15017 Frisco Ranch Dr.','','Little Elm','TX','75068','','','9729517461','claudiaessien@hotmail.com',30,10,1967,'Elevate Life Church','',1,1),
 (666,'David','Ezell','1033 Honde Lane','','Forney','TX','75126','','','4694749475','davidezell@yahoo.com',15,5,1946,'','',1,1),
 (667,'Greg','Childress','114 Princeton','','Forney','TX','75126','','','9727576369','gchildress@fbcforney.org',16,7,1966,'First Baptist Forney','',0,1),
 (668,'Jolynn','Chisholm','626 Cedar St. Apt. C','','Forney','TX','75126','','','9727487666','',20,8,1990,'Lake Pointe/Mesquite','',0,1),
 (669,'Calen','Chrestman','3225 Grapevine Mills Blvd.','','Grapevine','TX','76051','','','9729793358','calen.chrestman@gmail.com',25,12,1987,'Fellowship Church','',0,1),
 (670,'Jourdan','Christian','118 villanova Cr.','','Forney','TX','75126','','','2144342842','ladybug7512610@hotmail.com',0,0,0,'','no volunteer agreement',0,1),
 (671,'Christina','Christian','118 Villanova Cr.','','Forney','TX','75126','','','9728419456','chris.christian1313@yahoo.com',0,0,0,'First United Methodist','no volunteer agreement',1,0),
 (672,'Kendra','Christopher','3601 Maddock Dr.','','Mckinney','TX','75070','','','4695564962','',5,10,1970,'Elevate Life Church','',0,1),
 (673,'Imani','Christopher','3601 Maddock Dr.','','Mckinney','TX','75070','','','4695564962','converse.cutie10@gmail.com',11,4,2000,'Elevate Life Church','parent/guardian signed',0,1),
 (674,'Osvaldo','Cisnezos','2710 Concord Cr.','','Seagoville','TX','75159','','','2145468189','',11,3,1990,'Open Door Baptist','',0,1),
 (675,'Eric','Haake','127 Country Dr.','','Waxahachie ','TX','75165','','','2146730434','ebhaake@gmail.com',15,12,1972,'The Promise Church ','Firefighter / Paramedic / Construction experience \r\n',1,1),
 (706,'Jackie','Hamilton','10833 Longford ln','','Forney','TX','75126','','','4699991474','jhamilton1997@gmail.com',31,7,1997,'C-Life','',1,1),
 (707,'Casi','Hammer','413 Woodcrest Way','','Forney','TX','75126','','','4694744599','no email listed',11,1,1992,'','',1,1),
 (716,'Amanda','Heald','202 S. Chestnut','','Forney','TX','75126','','','2142363836','',20,12,1989,'','',1,1),
 (709,'Don','Haning','106 Independence Trl','','Forney','TX','75126','','','2144554865','brandy1019@sbcglobal.net',29,10,1957,'','',1,1),
 (710,'Kellie','Harpole','5003 Windy Meadow dr','','Plano','TX','75023','','','2144499184','no email listed',2,11,1967,'','',0,1),
 (730,'Monica','Hernandez','2763 Franklin #2213','','Mesquite','TX','75150','','','9724155088','',2,1,1993,'Lake Pointe','',1,1),
 (712,'Jaylene ','Higgins','1308 Warbler Dr.','','Forney','TX','75126','','','2566846983','',17,9,1974,'LDS','',0,1),
 (713,'Neil','Singer','201 Terrace','','Wylie','TX','75098','','','2144378657','',6,1,1976,'Richardson East Church of Christ','',1,0),
 (740,'Serena','Herzog','605 Fox Glen','','Forney','TX','75126','','','9727508081','serenaisboss94@yahoo.com',27,10,1994,'Lake Pointe','',1,0),
 (741,'Sadie','Hewitt','234 Hound Hollow','','Forney','TX','75126','','','2142138766','zhewitt@msn.com',13,9,2001,'','',0,1),
 (742,'Bobbi','Higgins','1000 Blue Stone cir','','Mabank','TX','75147','','','9032888569','bobbis00716@yahoo.com',16,7,1989,'Liberty Baptist Mabank','',1,1),
 (743,'Linda','Higginbotham','1635 Rocky Point','','Lewisville','TX','75077','','','2149529558','scottandlinda@verizon.net',6,9,1967,'Fellowsjhip','',0,1),
 (744,'David','Hilgert','1523 Edelweiss','','Allen','TX','75002','','','9723135332','',5,2,1962,'','',1,1),
 (745,'Kenneth','Hill','1125 Glendon','','Forney','TX','75126','','','2146749622','kenh@nadc.net',0,0,0,'Non Denominational Christian','\r\n',1,1),
 (746,'Charity','Hilton','622 Tacoma','','Garland','TX','75043','','','4695256169','charity_j_hilton@homedepot.com',29,11,1972,'Trinity Dallas','',0,1),
 (747,'Leah','Hinchliffe','2308 William cir','','Ennis','TX','75119','','','4696586050','leahhinchliffe@yahoo.com',17,1,1970,'Fundamental Baptist - Palmer','',1,1),
 (748,'Ron','Hines','555 CR 3788','','Quinlan','TX','75474','','','2146083788','rdh767@gmail.com',29,8,1967,'','',1,1),
 (749,'Coy','Hirth','7177 Courtney','','Crandall','TX','75114','','','4696322159','coy1012000@yahoo.com',28,8,1980,'','',1,1),
 (750,'Brent','Hoar','307 Orange','','Farmersville','TX','75442','','','0000000000','',5,3,1964,'','',0,1),
 (751,'Allison','Hobgood','2733 Hyacinth','','Mesquite','TX','75181','','','4693870045','allihobgood',21,3,1986,'','',1,1),
 (752,'Cristie','Hoff','1207 Singletree ct','','Forney','TX','75126','','','2144602849','cristoe.hoff@hotmail.com',9,12,1972,'Free Life','',1,1),
 (753,'Julie','Holden','1133 Singletree','','Forney','TX','75126','','','9727626191','julieholden07@gmail.com',0,0,0,'','no volunteer aggreement attached to information page',1,0),
 (754,'Kelsie','Holden','416 Edgewood ct','','Forney','TX','75126','','','2142281137','kelsiebbdc@aol.com',2,9,1997,'','signed by parent',1,1),
 (755,'Michelle','Holden','416 Edgaewood ct','','Forney','TX','75126','','','4694508841','holdenbooks@att.net',28,10,1978,'','',1,1),
 (756,'Winston ','Holland','2045  Wildwood',' ','Forney','TX','75126','','','4692730704','hollandryan@gmail.com',6,2,1978,'Lakeshore','',1,1),
 (757,'Hana','Holley','236 Kelly Brooke','','Weatherford','TX','76087','','','8176137305','hanabanna@gmail.com',16,6,1997,'Lakeshore','not signed by parent',1,1),
 (758,'Dee','Hollie','295 Westshore','','Wills Point','TX','75169','','','9728351364','holljed@yahoo.com',14,4,1964,'','',1,1),
 (759,'Adena','Holman','12408 Amy ln','','Terrell','TX','75161','','','9729782610','adena.holman@gmail.com',3,11,1978,'C-Life','',1,1),
 (760,'Lenora','Holmes','1912 Lanshire','','Mckinney','TX','75070','','','2145051085','lrholmes04@yahoo.com',23,9,1968,'Elevate Life','',1,1),
 (761,'Bob','Hoover','7746 Clyde dr','','Quinlan','TX','75414','','','9725697067','bhlemans@yahoo.com',22,2,1971,'','',1,1),
 (762,'Jared','Horton','222 Beacon hill','','Forney','TX','75126','','','9726727584','',30,9,1991,'Vista','',1,1),
 (763,'Gary','Houchen','14616 Oakwood','','Balch Springs','TX','75180','','','9726795402','gwhouchen@yahoo.com',30,11,1954,'','',0,1),
 (764,'Shannon','Houston','2012 Dewberry crt','','Fprney','TX','75126','','','2149304326','shahoust@aol.com',10,11,1969,'Newman Park','',1,1),
 (765,'Matthew','Houston','2012 Dewberry','','Forney','TX','75126','','','2144316936','shahoust@aol.com',26,5,1996,'','signed by parent',0,1),
 (766,'Cathy','Howard','15900 Wiser rd','','Forney','TX','75126','','','2147970014','clhw1z15@gmail.com',15,11,1960,'','',0,1),
 (767,'Diana','Howard','8871 Parfive dr','','Crandall','TX','75114','','','8014140354','howard_temp@hotmail.com',23,7,1953,'Church of Jesus Christ of Latterday Saints','',1,1),
 (768,'Brian','Howard','8871 Par Five','','Crandall','TX','75114','','','8014140354','howard_temp@hotmail.com',0,0,0,'','',1,1),
 (769,'Kim','Howland','11233 Prairie Lakes','','Forney','TX','75126','','','9725645824','kimhowland@sbcglobal.net',23,1,1971,'FBF','',1,1),
 (770,'Greg','Horton','2325 Amhearst ln','','Flower Mound','TX','75028','','','2147660203','greg.r.horton@verizon.net',28,5,1968,'Fellowship Forney','',1,1),
 (771,'Jennifer','Huber','11908 Hickory Cir','','Fort Worth','TX','76244','','','8178518176','jll4202@yahoo.com',10,8,1984,'','',0,1),
 (772,'Jeremy','Huber','11908 Hickory Cir','','Fort Worth','TX','76244','','','8178518375','jjjahuber@gmail.com',6,3,1980,'','',0,1),
 (773,'Randall','Huett','601 Fm 740 N','','Forney','TX','75126','','','4698775280','loganhuett@gmail.com',10,6,1989,'Life Community Church','',0,1),
 (774,'Jason','Humphries','105 Wandering dr','','Forney','TX','75126','','','2149140396','clayjac29@yahoo.com',2,7,1975,'','\r\n',0,1),
 (775,'Stacey','Hunter','129 Westway','','Terrell','TX','75160','','','4696324382','wataburger92@aim.com',8,8,1975,'Sunnyvale Baptist','',1,1),
 (776,'Karsyn','Hunter','129 Westway dr','','Forney','TX','75126','','','2147294885','wataburger92@aim.com',3,6,2004,'C-Life','parent signed',1,1),
 (777,'Misty','Hurley','10703 Jennifer Cir','','Forney','TX','75126','','','2146958726','mistyqt32084@aol.com',24,2,1975,'FBF','',1,1);
INSERT INTO `volunteers` (`volunteer_id`,`first_name`,`last_name`,`address1`,`address2`,`city`,`state`,`zip`,`home_phone`,`work_phone`,`cell_phone`,`email`,`dobDay`,`dobMonth`,`dobYear`,`home_church`,`skills_certs`,`mailing_list`,`agree_coc`) VALUES 
 (778,'Jamie','Hurin','516 Pinto ln','','Forney','TX','75126','','','2142441077','jlhurin@yahoo.com',10,8,1971,'','',1,1),
 (779,'Ligia','Hutchins','5209 Shoshone dr','','Frisco','TX','75034','','','8052179927','ligiandave@msn.com',24,7,1966,'Elevate Life','',1,1),
 (780,'Becky','Hyzer','11503 CR 213','','Forney','TX','75126','','','9729656594','',25,1,1966,'Fellowship Forney','',1,1),
 (781,'Nancy','Reyes','1000 english rd','','rockwall','TX','75032','','','2145636319','nreyesntexas@yahoo.com',13,1,63,'','',1,1),
 (782,'Bob','Weis','96 Main Street','','Marble Falls','TX','78654','4696821013','8306934828','4696821013','bob@firstmarblefalls.org',2,1,1957,'First Assembly of God','I\\\'ve got skills.',1,1),
 (783,'James','Wade','16388 Prairie Meadows','','Forney','TX','75126','2142324828','','','jdwinifinity@aol.com',24,7,1978,'C-Life','',1,1),
 (784,'Kent','Wagner','1226 E. Campbell rd','','Garland','TX','75044','9728166233','','','wagnerkent@msn.com',26,2,1952,'','',0,1),
 (785,'Shelly','Wagoner','233 Country view','','Crandall','TX','75114','2144971721','','','sheddy92@gmail.com',4,12,1973,'Point View','',0,1),
 (786,'Kendra','Walden','Po Box 495751','','Garland','TX','75049','9728394031','','','kendrasw@tx.rr.com',27,11,1956,'','',0,1),
 (787,'Caycee','Walker','1024 Comfort','','Forney','TX','75126','2146428465','','','mmccain92@yahoo.com',18,12,1996,'C-Life','signed by parent',1,1),
 (788,'Caycee','Walker','1024 Comfort','','Forney','TX','75126','2146428465','','','mmccain92@yahoo.com',18,12,1996,'C-Life','signed by parent',1,1),
 (789,'Van','Walker','5125 Roundtree Crt','','Fort Worth','TX','76137','8179665103','','','vt3w@hotmail.com',2,9,1961,'Betherda','',0,1),
 (790,'Jordan','Walker','113 Canull ln','','Weatherford','TX','76087','8175989950','','','cavalier-girl@att.net',19,5,1995,'Willow Park Baptist','',1,1),
 (791,'Jewel','Walker','113 Canul ln','','Weatherford','TX','76087','8179016422','','','jewel.bug@att.net',18,5,1999,'Willow Park Baptist','not signed by parent',1,1),
 (792,'Steven','Walker','301 Pierce','','Red Oak','TX','75154','4697654346','','','',17,7,1984,'','',0,1),
 (793,'Shannon','Walker','301 Pierce','','Red Oak','TX','75154','8178990000','','','swalker1142005@yahoo.com',26,8,1985,'The Oaks Fellowship','',1,1),
 (794,'Sandy','Walker','301 Pierce','','Red Oak','TX','75154','9723527466','','','',11,1,1962,'','',0,1),
 (795,'Jill ','Wallace','1113 Bainbridge ln','','Forney','TX','75126','4695256510','','','jillimac8@yahoo.com',8,12,1971,'C-Life','',0,1),
 (796,'Thomas','Wallen','3982 Hwy 34 so','','Greenville','TX','75402','0000000000','','','',5,8,1950,'illegible','',0,1),
 (797,'Theresa','Wallot','1416 Nightingale','','Aubrey','TX','76227','9192159426','','','theresawallot@gmail.com',9,2,1957,'','',1,1),
 (798,'Kim','Walters','304 E Church st','','Forney','TX','75126','9722158270','','','kwalters@zotecpartners.com',22,7,1958,'First Baptist Forney','',1,1),
 (799,'Rob','Walters','6652 Osage Trail','','Plano','TX','75023','9728018392','','','fearfactory213@hotmail.com',3,7,1980,'','',1,1),
 (800,'Kim','Walters','000 didnt list steet','','Allen','TX','75000','2145519736','','','',0,0,0,'','',0,1),
 (801,'Laramie','Walton','3409 Foot Hills dr','','Weatherford','TX','76087','8173419871','','','',28,10,1996,'','not signed by parent',0,1),
 (802,'Zaweria','Wandurwa','2633 Misty Harbor','','Little Elm','TX','75068','4696840681','','','zwandurwa@yahoo.com',1,8,1982,'Elevate Life','',1,1),
 (803,'Melissa','Ward','1000 Richmond','','Forney','TX','75126','2146621018','','','mossyward77@aol.com',18,9,1956,'Free Life','',1,1),
 (804,'Holly','Ward','127 Sunnydale','','Jacksonville','TX','75766','2149129349','','','nikki8623@yahoo.com',21,7,1985,'Community Center of Mesquite','',1,1),
 (805,'Mark','Warren','1025 Somerset','','Forney','TX','75126','6154731444','','','mwarren@fbcforney.org',17,12,1972,'FBC Forney','',1,1),
 (806,'Christi','Warren','1144 Buckingham','','Forney','TX','75126','4696885830','','','christidwarren@yahoo.com',29,1,1980,'','',1,1),
 (807,'Lisa','Watson','1800 Culberson','','Mesquite','TX','75150','9729775266','','','ljwatson0121@yahoo.com',21,1,1961,'C-Life','',1,1),
 (808,'Jeff','Watson','2800 Forest ln','','Dallas','TX','75234','4698261943','','','jeffery_k_watson@homedepot',29,1,1973,'Lake Pointe','',0,1),
 (809,'Armani','Walts','632 Tumbleweed','','Forney','TX','75126','2146044146','','','alwalk4@yahoo.com',19,3,1996,'Freindship West Baptist','signed by parent',0,1),
 (810,'Alan','Weagle','4821 Hwy 276 w','','Royce city','TX','75189','0000000000','','','',1,4,1966,'','',0,1),
 (811,'Ryan','Weatheread','12955 White Rock rd','','Mabank','TX','75147','9033723767','','','',31,8,1978,'Main Street','',1,1),
 (813,'Brandi','Weaver','430 N Wills','','Wills Point','TX','75169','2144181996','','','stepzup@gmail.com',17,12,1974,'Round em Up Cowboy Church','',1,1),
 (814,'Don','Webb Jr','601 Sunset dr','','Garland','TX','75040','4693286220','','','donwebb1971@yahoo.com',30,12,1971,'','',1,1),
 (815,'David','Webb','8223 Ferguson','','Dallas','TX','75228','4697336191','','','davidmwebb17@gmail.com',18,12,1981,'New Community Church Mesq.','',1,1),
 (816,'Mindy','Wydra','4100 Vista lane #3009','','Kaufman','TX','75142','9038808587','','','mindywydra@yahoo.com',19,5,1975,'','',1,1),
 (817,'Brooke','Wyble','214 Rio Grande','','Crandall','TX','75114','4698356992','','','brookie1123@yahoo.com',18,9,1995,'Central Baptist of Crandall','',0,1),
 (818,'Lacey','Wright','616 Rock Brook','','Forney','TX','75126','4693711118','','','',26,2,1986,'','',0,1),
 (819,'Alex ','Wright','10038 E Clover','','Forney','TX','75126','2146735393','','','connietres@aol.com',1,11,1996,'C-Life','',1,1),
 (820,'Kaylie','Wright','16145 Miller Farm rd','','Forney','TX','75126','9722172176','','','majestichorse@yahoo.com',21,11,1994,'St. Martins','',1,1);
/*!40000 ALTER TABLE `volunteers` ENABLE KEYS */;




/*!40101 SET SQL_MODE=@OLD_SQL_MODE */;
/*!40014 SET FOREIGN_KEY_CHECKS=@OLD_FOREIGN_KEY_CHECKS */;
/*!40014 SET UNIQUE_CHECKS=@OLD_UNIQUE_CHECKS */;
/*!40101 SET CHARACTER_SET_CLIENT=@OLD_CHARACTER_SET_CLIENT */;
/*!40101 SET CHARACTER_SET_RESULTS=@OLD_CHARACTER_SET_RESULTS */;
/*!40101 SET COLLATION_CONNECTION=@OLD_COLLATION_CONNECTION */;
/*!40101 SET CHARACTER_SET_CLIENT=@OLD_CHARACTER_SET_CLIENT */;
